/***************CREACIONES*****************/

/*CREAR TIPO_DOCUMENTO*/
CREATE TABLE tipo_documento (
	id serial NOT NULL,
	nombre varchar(50) NULL,
	objetivo varchar(50) NULL,
	CONSTRAINT document_type_pkey PRIMARY KEY (id)
);

/*CREAR DEPARTAMENT*/
CREATE TABLE departamento (
	id int4 NOT NULL,
	"nombre" varchar(50) NULL,
	CONSTRAINT departamento_pkey PRIMARY KEY (id)
);

/*CREAR CIUDAD*/
CREATE TABLE CIUDAD (
	id int4 NOT NULL,
	"nombre" varchar(50) NULL,
	departamento_id int4 NULL,
	CONSTRAINT CIUDAD_pkey PRIMARY KEY (id)
);


ALTER TABLE IF EXISTS CIUDAD ADD CONSTRAINT fk5bv8j9ier9lcwsx4wt1hw6a85 FOREIGN KEY (departamento_id) REFERENCES departamento(id);


/*CREAR PLAN*/
CREATE TABLE plan (
	id serial NOT NULL,
	fecha_creacion date NULL,
	descripcion varchar(100) NULL,
	fecha_actualizacion date NULL,
	"nombre" varchar(50) NULL,
	valor varchar(10) NULL,
	creador_id int4 NULL,
	fecha_actualizacion_id int4 NULL,
	CONSTRAINT plan_pkey PRIMARY KEY (id)
);

ALTER TABLE plan ADD CONSTRAINT fk6phlxbw0ysaa670j7l8m3m8ki FOREIGN KEY (creador_id) REFERENCES usuario(id);
ALTER TABLE plan ADD CONSTRAINT fkr6sw84xclqf9ltebf82xha260 FOREIGN KEY (fecha_actualizacion_id) REFERENCES usuario(id);


/*CREAR INFOUSUARIO*/

CREATE TABLE infousuario (
	id BIGSERIAL NOT NULL,
	direccion varchar NULL,
	cumpleaños date NULL,
	celular varchar NULL,
	nombre_completo varchar NULL,
	fecha_creacion date NULL,
	numero_documento varchar NULL,
	email varchar NULL,
	genero varchar NULL,
	es_represent_legal varchar NULL,
	fecha_actualizacion date NULL,
	latitud varchar NULL,
	longitud varchar NULL,
	telefono varchar NULL,
	recordatorio_cumpleaños varchar NULL,
	rol varchar NULL,
	token varchar NULL,
	plan_activado_id int4 NULL,
	creador_id int4 NULL,
	tipo_documento_id int4 NULL,
	usuario_id int4 NULL,
	CONSTRAINT infousuario_pkey PRIMARY KEY (id)
);
ALTER SEQUENCE infousuario_id_seq RESTART WITH 30 INCREMENT BY 1;
ALTER TABLE infousuario ADD CONSTRAINT fknmo9cxemrasp3kbqnalfq423l FOREIGN KEY (usuario_id) REFERENCES usuario(id);
ALTER TABLE infousuario ADD CONSTRAINT fknu0cne5yxbiqm87eq2lkkg14y FOREIGN KEY (tipo_documento_id) REFERENCES tipo_documento(id);
ALTER TABLE infousuario ADD CONSTRAINT fkqb3hoaanljo8ruo3jcpweei9a FOREIGN KEY (creador_id) REFERENCES usuario(id);
ALTER TABLE infousuario ADD CONSTRAINT fkrsiqk7c86e5ry3mh8p92ht7is FOREIGN KEY (plan_activado_id) REFERENCES plan(id);


/*PERFILES*/

CREATE TABLE perfil (
	id serial NOT NULL,
	fecha_creacion date NULL,
	descripcion varchar(100) NULL,
	fecha_actualizacion date NULL,
	nombre varchar(50) NULL,
	creador_id int4 NULL,
	fecha_actualizacion_id int4 NULL,
	CONSTRAINT perfil_pkey PRIMARY KEY (id)
);
ALTER SEQUENCE perfil_id_seq RESTART WITH 30 INCREMENT BY 1;
ALTER TABLE perfil ADD CONSTRAINT fk52l6qcy0f7320pfc2nauetn5j FOREIGN KEY (fecha_actualizacion_id) REFERENCES usuario(id);
ALTER TABLE perfil ADD CONSTRAINT fkq2glrtrxolp7ntkrpw9mh7nmu FOREIGN KEY (creador_id) REFERENCES usuario(id);

/*PERFILES POR USUARIO*/

CREATE TABLE usuarios_por_perfil (
	id serial NOT NULL,
	perfil_id int4 NULL,
	usuario_id int4 NULL,
	CONSTRAINT usuarios_por_perfil_pkey PRIMARY KEY (id)
);
ALTER SEQUENCE usuarios_por_perfil_id_seq RESTART WITH 30 INCREMENT BY 1;
ALTER TABLE usuarios_por_perfil ADD CONSTRAINT fkb03h4e97e1jrndhflh1lsv8mf FOREIGN KEY (usuario_id) REFERENCES usuario(id);
ALTER TABLE usuarios_por_perfil ADD CONSTRAINT fkdiuwyp6kkeo4eojll25r9vch1 FOREIGN KEY (perfil_id) REFERENCES perfil(id);

/*MÓDULOS*/

CREATE TABLE MODULO (
	id serial NOT NULL,
	insignia varchar(20) NULL,
	clase_insignia varchar(20) NULL,
	clase varchar(20) NULL,
	fecha_creacion date NULL,
	descripcion varchar(100) NULL,
	icono varchar(20) NULL,
	fecha_actualizacion date NULL,
	nombre varchar(20) NULL,
	ruta varchar(50) NULL,
	titulo varchar(50) NULL,
	creador_id int4 NULL,
	fecha_actualizacion_id int4 NULL,
	CONSTRAINT modulo_pkey PRIMARY KEY (id)
);
ALTER SEQUENCE modulo_id_seq RESTART WITH 30 INCREMENT BY 1;
ALTER TABLE MODULO ADD CONSTRAINT fkd9k6g5eioc3qi9iaasj0qspsj FOREIGN KEY (fecha_actualizacion_id) REFERENCES usuario(id);
ALTER TABLE MODULO ADD CONSTRAINT fkpe6twshg0nnvoi2fkf4b7f9i6 FOREIGN KEY (creador_id) REFERENCES usuario(id);

/*MENÚS*/

CREATE TABLE menu (
	id serial NOT NULL,
	insignia varchar NULL,
	clase_insignia varchar(100) NULL,
	clase varchar NULL,
	fecha_creacion date NULL,
	icono varchar NULL,
	fecha_actualizacion date NULL,
	nombre varchar NOT NULL,
	ruta varchar NULL,
	titulo varchar(50) NULL,
	creador_id int4 NULL,
	fecha_actualizacion_id int4 NULL,
	CONSTRAINT menu_pkey PRIMARY KEY (id)
);
ALTER SEQUENCE menu_id_seq RESTART WITH 30 INCREMENT BY 1;
ALTER TABLE menu ADD CONSTRAINT fkerqjsft9blifwgqaf2i0s8utg FOREIGN KEY (fecha_actualizacion_id) REFERENCES usuario(id);
ALTER TABLE menu ADD CONSTRAINT fknxrq03rbartaub7p3s7cc42rp FOREIGN KEY (creador_id) REFERENCES usuario(id);

/*MENÚS POR MÓDULO*/

CREATE TABLE menus_por_modulo (
	id serial NOT NULL,
	fecha_creacion date NULL,
	indice int4 NULL,
	menu_id int4 NULL,
	modulo_id int4 NULL,
	CONSTRAINT menus_por_modulo_pkey PRIMARY KEY (id)
);

ALTER SEQUENCE menus_por_modulo_id_seq RESTART WITH 30 INCREMENT BY 1;
ALTER TABLE menus_por_modulo ADD CONSTRAINT fk7skv379odd3puxoowlbo5dcsy FOREIGN KEY (menu_id) REFERENCES menu(id);
ALTER TABLE menus_por_modulo ADD CONSTRAINT fk9jwlhf4365h1eohq1e13ij39w FOREIGN KEY (modulo_id) REFERENCES modulo(id);

/*MÓDULOS POR PLAN*/

CREATE TABLE modulos_por_plan (
	id serial NOT NULL,
	fecha_creacion date NULL,
	modulo_id int4 NULL,
	plan_id int4 NULL,
	CONSTRAINT modulos_por_plan_pkey PRIMARY KEY (id)
);

ALTER SEQUENCE modulos_por_plan_id_seq RESTART WITH 30 INCREMENT BY 1;
ALTER TABLE modulos_por_plan ADD CONSTRAINT fk2fik6ccv0gkxfkb7bhvsyt3k5 FOREIGN KEY (modulo_id) REFERENCES modulo(id);
ALTER TABLE modulos_por_plan ADD CONSTRAINT fkmqpyv9luhr2rvrh0mp8rqsrvn FOREIGN KEY (plan_id) REFERENCES plan(id);

/*MÓDULOS POR PERFIL*/

CREATE TABLE modulos_por_perfil (
	id serial NOT NULL,
	fecha_creacion date NULL,
	indice int4 NULL,
	modulo_id int4 NULL,
	perfil_id int4 NULL,
	CONSTRAINT modulos_por_perfil_pkey PRIMARY KEY (id)
);

ALTER SEQUENCE modulos_por_perfil_id_seq RESTART WITH 30 INCREMENT BY 1;
ALTER TABLE modulos_por_perfil ADD CONSTRAINT fk47evs9c2gagjvjxsu0tlig5bd FOREIGN KEY (perfil_id) REFERENCES perfil(id);
ALTER TABLE modulos_por_perfil ADD CONSTRAINT fkdayhvq63rmt7bmgg75sat9f2t FOREIGN KEY (modulo_id) REFERENCES modulo(id);


/******************************************/
/***************INSERCIONES*****************/
/******************************************/

/*TIPOS DE DOCUMENTOS*/
INSERT INTO TIPO_DOCUMENTO
(nombre, objetivo)
VALUES('Cédula de Ciudadanía', 'PERSONAL'),
('Cédula de Extranjería', 'PERSONAL'),
('Pasaporte', 'PERSONAL'),
('Tarjeta de Identidad', 'PERSONAL'),
('Registro Civil', 'PERSONAL'),
('Id Extranjero', 'PERSONAL'),
('Carnet Diplomático', 'PERSONAL'),
-- ('NIT','PERSONAL'),
('NIT','EMPRESARIAL');


/*DEPARTAMENTOS*/

INSERT INTO DEPARTAMENTO (ID, NOMBRE ) VALUES (1, 'AMAZONAS' );
INSERT INTO DEPARTAMENTO (ID, NOMBRE ) VALUES (2, 'ANTIOQUIA' );
INSERT INTO DEPARTAMENTO (ID, NOMBRE ) VALUES (3, 'ARAUCA' );
INSERT INTO DEPARTAMENTO (ID, NOMBRE ) VALUES (4, 'ATLANTICO' );
INSERT INTO DEPARTAMENTO (ID, NOMBRE ) VALUES (5, 'BOLIVAR' );
INSERT INTO DEPARTAMENTO (ID, NOMBRE ) VALUES (6, 'BOYACA' );
INSERT INTO DEPARTAMENTO (ID, NOMBRE ) VALUES (7, 'CALDAS' );
INSERT INTO DEPARTAMENTO (ID, NOMBRE ) VALUES (8, 'CASANARE' );
INSERT INTO DEPARTAMENTO (ID, NOMBRE ) VALUES (9, 'CAUCA' );
INSERT INTO DEPARTAMENTO (ID, NOMBRE ) VALUES (10, 'CESAR' );
INSERT INTO DEPARTAMENTO (ID, NOMBRE ) VALUES (11, 'CORDOBA' );
INSERT INTO DEPARTAMENTO (ID, NOMBRE ) VALUES (12, 'CUNDINAMARCA' );
INSERT INTO DEPARTAMENTO (ID, NOMBRE ) VALUES (13, 'CHOCO' );
INSERT INTO DEPARTAMENTO (ID, NOMBRE ) VALUES (14, 'CAQUETA' );
INSERT INTO DEPARTAMENTO (ID, NOMBRE ) VALUES (15, 'GUAINIA' );
INSERT INTO DEPARTAMENTO (ID, NOMBRE ) VALUES (16, 'GUAJIRA' );
INSERT INTO DEPARTAMENTO (ID, NOMBRE ) VALUES (17, 'GUAVIARE' );
INSERT INTO DEPARTAMENTO (ID, NOMBRE ) VALUES (18, 'HUILA' );
INSERT INTO DEPARTAMENTO (ID, NOMBRE ) VALUES (19, 'MAGDALENA' );
INSERT INTO DEPARTAMENTO (ID, NOMBRE ) VALUES (20, 'META' );
INSERT INTO DEPARTAMENTO (ID, NOMBRE ) VALUES (21, 'NARINO' );
INSERT INTO DEPARTAMENTO (ID, NOMBRE ) VALUES (22, 'NORTE DE SANTANDER' );
INSERT INTO DEPARTAMENTO (ID, NOMBRE ) VALUES (23, 'PUTUMAYO' );
INSERT INTO DEPARTAMENTO (ID, NOMBRE ) VALUES (24, 'QUINDIO' );
INSERT INTO DEPARTAMENTO (ID, NOMBRE ) VALUES (25, 'RISARALDA' );
INSERT INTO DEPARTAMENTO (ID, NOMBRE ) VALUES (26, 'SAN ANDRES' );
INSERT INTO DEPARTAMENTO (ID, NOMBRE ) VALUES (27, 'SANTAFE DE BOGOTA DC' );
INSERT INTO DEPARTAMENTO (ID, NOMBRE ) VALUES (28, 'SANTANDER' );
INSERT INTO DEPARTAMENTO (ID, NOMBRE ) VALUES (29, 'SUCRE' );
INSERT INTO DEPARTAMENTO (ID, NOMBRE ) VALUES (30, 'TOLIMA' );
INSERT INTO DEPARTAMENTO (ID, NOMBRE ) VALUES (31, 'VALLE DEL CAUCA' );
INSERT INTO DEPARTAMENTO (ID, NOMBRE ) VALUES (32, 'VAUPES' );
INSERT INTO DEPARTAMENTO (ID, NOMBRE ) VALUES (33, 'VICHADA' );


/*CIUDADES*/

INSERT INTO  CIUDAD ( ID, NOMBRE, DEPARTAMENTO_ID) VALUES (5001,'MEDELLIN',2);
INSERT INTO  CIUDAD ( ID, NOMBRE, DEPARTAMENTO_ID) VALUES (5002,'ABEJORRAL',2);
INSERT INTO  CIUDAD ( ID, NOMBRE, DEPARTAMENTO_ID) VALUES (5004,'ABRIAQUI',2);
INSERT INTO  CIUDAD ( ID, NOMBRE, DEPARTAMENTO_ID) VALUES (5021,'ALEJANDRIA',2);
INSERT INTO  CIUDAD ( ID, NOMBRE, DEPARTAMENTO_ID) VALUES (5030,'AMAGA',2);
INSERT INTO  CIUDAD ( ID, NOMBRE, DEPARTAMENTO_ID) VALUES (5017,'AMALFI',2);
INSERT INTO  CIUDAD ( ID, NOMBRE, DEPARTAMENTO_ID) VALUES (5034,'ANDES',2);
INSERT INTO  CIUDAD ( ID, NOMBRE, DEPARTAMENTO_ID) VALUES (5036,'ANGELOPOLIS',2);
INSERT INTO  CIUDAD ( ID, NOMBRE, DEPARTAMENTO_ID) VALUES (5038,'ANGOSTURA',2);
INSERT INTO  CIUDAD ( ID, NOMBRE, DEPARTAMENTO_ID) VALUES (5040,'ANORI',2);
INSERT INTO  CIUDAD ( ID, NOMBRE, DEPARTAMENTO_ID) VALUES (5042,'SANTAFE DE ANTIOQUIA',2);
INSERT INTO  CIUDAD ( ID, NOMBRE, DEPARTAMENTO_ID) VALUES (5044,'ANZA',2);
INSERT INTO  CIUDAD ( ID, NOMBRE, DEPARTAMENTO_ID) VALUES (5045,'APARTADO',2);
INSERT INTO  CIUDAD ( ID, NOMBRE, DEPARTAMENTO_ID) VALUES (5051,'ARBOLETES',2);
INSERT INTO  CIUDAD ( ID, NOMBRE, DEPARTAMENTO_ID) VALUES (5055,'ARGELIA',2);
INSERT INTO  CIUDAD ( ID, NOMBRE, DEPARTAMENTO_ID) VALUES (5059,'ARMENIA',2);
INSERT INTO  CIUDAD ( ID, NOMBRE, DEPARTAMENTO_ID) VALUES (5079,'BARBOSA',2);
INSERT INTO  CIUDAD ( ID, NOMBRE, DEPARTAMENTO_ID) VALUES (5086,'BELMIRA',2);
INSERT INTO  CIUDAD ( ID, NOMBRE, DEPARTAMENTO_ID) VALUES (5087,'BOQUERON',2);
INSERT INTO  CIUDAD ( ID, NOMBRE, DEPARTAMENTO_ID) VALUES (5088,'BELLO',2);
INSERT INTO  CIUDAD ( ID, NOMBRE, DEPARTAMENTO_ID) VALUES (5091,'BETANIA',2);
INSERT INTO  CIUDAD ( ID, NOMBRE, DEPARTAMENTO_ID) VALUES (5093,'BETULIA',2);
INSERT INTO  CIUDAD ( ID, NOMBRE, DEPARTAMENTO_ID) VALUES (5101,'BOLIVAR',2);
INSERT INTO  CIUDAD ( ID, NOMBRE, DEPARTAMENTO_ID) VALUES (5107,'BRICENO',2);
INSERT INTO  CIUDAD ( ID, NOMBRE, DEPARTAMENTO_ID) VALUES (5113,'BURITICA',2);
INSERT INTO  CIUDAD ( ID, NOMBRE, DEPARTAMENTO_ID) VALUES (5120,'CACERES',2);
INSERT INTO  CIUDAD ( ID, NOMBRE, DEPARTAMENTO_ID) VALUES (5125,'CAICEDO',2);
INSERT INTO  CIUDAD ( ID, NOMBRE, DEPARTAMENTO_ID) VALUES (5129,'CALDAS',2);
INSERT INTO  CIUDAD ( ID, NOMBRE, DEPARTAMENTO_ID) VALUES (5134,'CAMPAMENTO',2);
INSERT INTO  CIUDAD ( ID, NOMBRE, DEPARTAMENTO_ID) VALUES (5138,'CANASGORDAS',2);
INSERT INTO  CIUDAD ( ID, NOMBRE, DEPARTAMENTO_ID) VALUES (5142,'CARACOLI',2);
INSERT INTO  CIUDAD ( ID, NOMBRE, DEPARTAMENTO_ID) VALUES (5145,'CARAMANTA',2);
INSERT INTO  CIUDAD ( ID, NOMBRE, DEPARTAMENTO_ID) VALUES (5147,'CAREPA',2);
INSERT INTO  CIUDAD ( ID, NOMBRE, DEPARTAMENTO_ID) VALUES (5148,'CARMEN DE VIBORAL',2);
INSERT INTO  CIUDAD ( ID, NOMBRE, DEPARTAMENTO_ID) VALUES (5150,'CAROLINA',2);
INSERT INTO  CIUDAD ( ID, NOMBRE, DEPARTAMENTO_ID) VALUES (5154,'CAUCASIA',2);
INSERT INTO  CIUDAD ( ID, NOMBRE, DEPARTAMENTO_ID) VALUES (5172,'CHIGORODO',2);
INSERT INTO  CIUDAD ( ID, NOMBRE, DEPARTAMENTO_ID) VALUES (5190,'CISNEROS',2);
INSERT INTO  CIUDAD ( ID, NOMBRE, DEPARTAMENTO_ID) VALUES (5197,'COCORNA',2);
INSERT INTO  CIUDAD ( ID, NOMBRE, DEPARTAMENTO_ID) VALUES (5206,'CONCEPCION',2);
INSERT INTO  CIUDAD ( ID, NOMBRE, DEPARTAMENTO_ID) VALUES (5209,'CONCORDIA',2);
INSERT INTO  CIUDAD ( ID, NOMBRE, DEPARTAMENTO_ID) VALUES (5212,'COPACABANA',2);
INSERT INTO  CIUDAD ( ID, NOMBRE, DEPARTAMENTO_ID) VALUES (5234,'DABEIBA',2);
INSERT INTO  CIUDAD ( ID, NOMBRE, DEPARTAMENTO_ID) VALUES (5237,'DON MATIAS',2);
INSERT INTO  CIUDAD ( ID, NOMBRE, DEPARTAMENTO_ID) VALUES (5240,'EBEJICO',2);
INSERT INTO  CIUDAD ( ID, NOMBRE, DEPARTAMENTO_ID) VALUES (5250,'EL BAGRE',2);
INSERT INTO  CIUDAD ( ID, NOMBRE, DEPARTAMENTO_ID) VALUES (5264,'ENTRERRIOS',2);
INSERT INTO  CIUDAD ( ID, NOMBRE, DEPARTAMENTO_ID) VALUES (5266,'ENVIGADO',2);
INSERT INTO  CIUDAD ( ID, NOMBRE, DEPARTAMENTO_ID) VALUES (5282,'FREDONIA',2);
INSERT INTO  CIUDAD ( ID, NOMBRE, DEPARTAMENTO_ID) VALUES (5284,'FRONTINO',2);
INSERT INTO  CIUDAD ( ID, NOMBRE, DEPARTAMENTO_ID) VALUES (5306,'GIRALDO',2);
INSERT INTO  CIUDAD ( ID, NOMBRE, DEPARTAMENTO_ID) VALUES (5308,'GIRARDOTA',2);
INSERT INTO  CIUDAD ( ID, NOMBRE, DEPARTAMENTO_ID) VALUES (5170,'GOMEZ PLATA',2);
INSERT INTO  CIUDAD ( ID, NOMBRE, DEPARTAMENTO_ID) VALUES (5173,'GRANADA',2);
INSERT INTO  CIUDAD ( ID, NOMBRE, DEPARTAMENTO_ID) VALUES (5175,'GUADALUPE',2);
INSERT INTO  CIUDAD ( ID, NOMBRE, DEPARTAMENTO_ID) VALUES (5178,'GUARNE',2);
INSERT INTO  CIUDAD ( ID, NOMBRE, DEPARTAMENTO_ID) VALUES (5321,'GUATAPE',2);
INSERT INTO  CIUDAD ( ID, NOMBRE, DEPARTAMENTO_ID) VALUES (5347,'HELICONIA',2);
INSERT INTO  CIUDAD ( ID, NOMBRE, DEPARTAMENTO_ID) VALUES (5353,'HISPANIA',2);
INSERT INTO  CIUDAD ( ID, NOMBRE, DEPARTAMENTO_ID) VALUES (5360,'ITAGUI',2);
INSERT INTO  CIUDAD ( ID, NOMBRE, DEPARTAMENTO_ID) VALUES (5361,'ITUANGO',2);
INSERT INTO  CIUDAD ( ID, NOMBRE, DEPARTAMENTO_ID) VALUES (5364,'JARDIN',2);
INSERT INTO  CIUDAD ( ID, NOMBRE, DEPARTAMENTO_ID) VALUES (5368,'JERICO',2);
INSERT INTO  CIUDAD ( ID, NOMBRE, DEPARTAMENTO_ID) VALUES (5376,'LA CEJA',2);
INSERT INTO  CIUDAD ( ID, NOMBRE, DEPARTAMENTO_ID) VALUES (5380,'LA ESTRELLA',2);
INSERT INTO  CIUDAD ( ID, NOMBRE, DEPARTAMENTO_ID) VALUES (5390,'LA PINTADA',2);
INSERT INTO  CIUDAD ( ID, NOMBRE, DEPARTAMENTO_ID) VALUES (5400,'LA UNION',2);
INSERT INTO  CIUDAD ( ID, NOMBRE, DEPARTAMENTO_ID) VALUES (5411,'LIBORINA',2);
INSERT INTO  CIUDAD ( ID, NOMBRE, DEPARTAMENTO_ID) VALUES (5425,'MACEO',2);
INSERT INTO  CIUDAD ( ID, NOMBRE, DEPARTAMENTO_ID) VALUES (5440,'MARINILLA',2);
INSERT INTO  CIUDAD ( ID, NOMBRE, DEPARTAMENTO_ID) VALUES (5450,'PORCE',2);
INSERT INTO  CIUDAD ( ID, NOMBRE, DEPARTAMENTO_ID) VALUES (5467,'MONTEBELLO',2);
INSERT INTO  CIUDAD ( ID, NOMBRE, DEPARTAMENTO_ID) VALUES (5475,'MURINDO',2);
INSERT INTO  CIUDAD ( ID, NOMBRE, DEPARTAMENTO_ID) VALUES (5480,'MUTATA',2);
INSERT INTO  CIUDAD ( ID, NOMBRE, DEPARTAMENTO_ID) VALUES (5483,'NARINO',2);
INSERT INTO  CIUDAD ( ID, NOMBRE, DEPARTAMENTO_ID) VALUES (5490,'NECOCLI',2);
INSERT INTO  CIUDAD ( ID, NOMBRE, DEPARTAMENTO_ID) VALUES (5495,'NECHI',2);
INSERT INTO  CIUDAD ( ID, NOMBRE, DEPARTAMENTO_ID) VALUES (5501,'OLAYA',2);
INSERT INTO  CIUDAD ( ID, NOMBRE, DEPARTAMENTO_ID) VALUES (5541,'PENOL',2);
INSERT INTO  CIUDAD ( ID, NOMBRE, DEPARTAMENTO_ID) VALUES (5543,'PEQUE',2);
INSERT INTO  CIUDAD ( ID, NOMBRE, DEPARTAMENTO_ID) VALUES (5576,'PUEBLORICO',2);
INSERT INTO  CIUDAD ( ID, NOMBRE, DEPARTAMENTO_ID) VALUES (5579,'PUERTO BERRIO',2);
INSERT INTO  CIUDAD ( ID, NOMBRE, DEPARTAMENTO_ID) VALUES (5585,'PUERTO NARE',2);
INSERT INTO  CIUDAD ( ID, NOMBRE, DEPARTAMENTO_ID) VALUES (5591,'PTO TRIUNFO',2);
INSERT INTO  CIUDAD ( ID, NOMBRE, DEPARTAMENTO_ID) VALUES (5604,'REMEDIOS',2);
INSERT INTO  CIUDAD ( ID, NOMBRE, DEPARTAMENTO_ID) VALUES (5607,'RETIRO',2);
INSERT INTO  CIUDAD ( ID, NOMBRE, DEPARTAMENTO_ID) VALUES (5615,'RIONEGRO',2);
INSERT INTO  CIUDAD ( ID, NOMBRE, DEPARTAMENTO_ID) VALUES (5628,'SABANALARGA',2);
INSERT INTO  CIUDAD ( ID, NOMBRE, DEPARTAMENTO_ID) VALUES (5617,'SABANETA',2);
INSERT INTO  CIUDAD ( ID, NOMBRE, DEPARTAMENTO_ID) VALUES (5642,'SALGAR',2);
INSERT INTO  CIUDAD ( ID, NOMBRE, DEPARTAMENTO_ID) VALUES (5647,'SAN ANDRES',2);
INSERT INTO  CIUDAD ( ID, NOMBRE, DEPARTAMENTO_ID) VALUES (5649,'SAN CARLOS',2);
INSERT INTO  CIUDAD ( ID, NOMBRE, DEPARTAMENTO_ID) VALUES (5652,'SAN FRANCISCO',2);
INSERT INTO  CIUDAD ( ID, NOMBRE, DEPARTAMENTO_ID) VALUES (5656,'SAN JERONIMO',2);
INSERT INTO  CIUDAD ( ID, NOMBRE, DEPARTAMENTO_ID) VALUES (5658,'SAN JOSE DE LA MONTANA',2);
INSERT INTO  CIUDAD ( ID, NOMBRE, DEPARTAMENTO_ID) VALUES (5659,'SAN JUAN DE URABA',2);
INSERT INTO  CIUDAD ( ID, NOMBRE, DEPARTAMENTO_ID) VALUES (5660,'SAN LUIS',2);
INSERT INTO  CIUDAD ( ID, NOMBRE, DEPARTAMENTO_ID) VALUES (5664,'SAN PEDRO',2);
INSERT INTO  CIUDAD ( ID, NOMBRE, DEPARTAMENTO_ID) VALUES (5665,'SAN PEDRO DE URABA',2);
INSERT INTO  CIUDAD ( ID, NOMBRE, DEPARTAMENTO_ID) VALUES (5667,'SAN RAFAEL',2);
INSERT INTO  CIUDAD ( ID, NOMBRE, DEPARTAMENTO_ID) VALUES (5670,'SAN ROQUE',2);
INSERT INTO  CIUDAD ( ID, NOMBRE, DEPARTAMENTO_ID) VALUES (5674,'SAN VICENTE',2);
INSERT INTO  CIUDAD ( ID, NOMBRE, DEPARTAMENTO_ID) VALUES (5679,'SANTA BARBARA',2);
INSERT INTO  CIUDAD ( ID, NOMBRE, DEPARTAMENTO_ID) VALUES (5680,'SANTA CRUZ',2);
INSERT INTO  CIUDAD ( ID, NOMBRE, DEPARTAMENTO_ID) VALUES (5686,'SANTA ROSA DE OSOS',2);
INSERT INTO  CIUDAD ( ID, NOMBRE, DEPARTAMENTO_ID) VALUES (5690,'SANTO DOMINGO',2);
INSERT INTO  CIUDAD ( ID, NOMBRE, DEPARTAMENTO_ID) VALUES (5697,'SANTUARIO',2);
INSERT INTO  CIUDAD ( ID, NOMBRE, DEPARTAMENTO_ID) VALUES (5736,'SEGOVIA',2);
INSERT INTO  CIUDAD ( ID, NOMBRE, DEPARTAMENTO_ID) VALUES (5756,'SONSON',2);
INSERT INTO  CIUDAD ( ID, NOMBRE, DEPARTAMENTO_ID) VALUES (5761,'SOPETRAN',2);
INSERT INTO  CIUDAD ( ID, NOMBRE, DEPARTAMENTO_ID) VALUES (5789,'TAMESIS',2);
INSERT INTO  CIUDAD ( ID, NOMBRE, DEPARTAMENTO_ID) VALUES (5790,'TARAZA',2);
INSERT INTO  CIUDAD ( ID, NOMBRE, DEPARTAMENTO_ID) VALUES (5792,'TARSO',2);
INSERT INTO  CIUDAD ( ID, NOMBRE, DEPARTAMENTO_ID) VALUES (5809,'TITIRIBI',2);
INSERT INTO  CIUDAD ( ID, NOMBRE, DEPARTAMENTO_ID) VALUES (5819,'TOLEDO',2);
INSERT INTO  CIUDAD ( ID, NOMBRE, DEPARTAMENTO_ID) VALUES (5837,'TURBO',2);
INSERT INTO  CIUDAD ( ID, NOMBRE, DEPARTAMENTO_ID) VALUES (5842,'URAMITA',2);
INSERT INTO  CIUDAD ( ID, NOMBRE, DEPARTAMENTO_ID) VALUES (5847,'URRAO',2);
INSERT INTO  CIUDAD ( ID, NOMBRE, DEPARTAMENTO_ID) VALUES (5854,'VALDIVIA',2);
INSERT INTO  CIUDAD ( ID, NOMBRE, DEPARTAMENTO_ID) VALUES (5856,'VALPARAISO',2);
INSERT INTO  CIUDAD ( ID, NOMBRE, DEPARTAMENTO_ID) VALUES (5858,'VEGACHI',2);
INSERT INTO  CIUDAD ( ID, NOMBRE, DEPARTAMENTO_ID) VALUES (5861,'VENECIA',2);
INSERT INTO  CIUDAD ( ID, NOMBRE, DEPARTAMENTO_ID) VALUES (5873,'VIGIA DEL FUERTE',2);
INSERT INTO  CIUDAD ( ID, NOMBRE, DEPARTAMENTO_ID) VALUES (5885,'YALI',2);
INSERT INTO  CIUDAD ( ID, NOMBRE, DEPARTAMENTO_ID) VALUES (5887,'YARUMAL',2);
INSERT INTO  CIUDAD ( ID, NOMBRE, DEPARTAMENTO_ID) VALUES (5890,'YOLOMBO',2);
INSERT INTO  CIUDAD ( ID, NOMBRE, DEPARTAMENTO_ID) VALUES (5893,'YONDO',2);
INSERT INTO  CIUDAD ( ID, NOMBRE, DEPARTAMENTO_ID) VALUES (5895,'ZARAGOZA',2);
INSERT INTO  CIUDAD ( ID, NOMBRE, DEPARTAMENTO_ID) VALUES (5977,'YONDO',2);
INSERT INTO  CIUDAD ( ID, NOMBRE, DEPARTAMENTO_ID) VALUES (5978,'SANTA ELENA',2);
INSERT INTO  CIUDAD ( ID, NOMBRE, DEPARTAMENTO_ID) VALUES (5979,'SAN FELIX',2);
INSERT INTO  CIUDAD ( ID, NOMBRE, DEPARTAMENTO_ID) VALUES (5980,'SAN ANTONIO DE PRADO',2);
INSERT INTO  CIUDAD ( ID, NOMBRE, DEPARTAMENTO_ID) VALUES (5981,'SAN ANTONIO DE PEREIRA',2);
INSERT INTO  CIUDAD ( ID, NOMBRE, DEPARTAMENTO_ID) VALUES (5982,'PUERTO PERALES',2);
INSERT INTO  CIUDAD ( ID, NOMBRE, DEPARTAMENTO_ID) VALUES (5983,'PUERTO NARE',2);
INSERT INTO  CIUDAD ( ID, NOMBRE, DEPARTAMENTO_ID) VALUES (5984,'PORCE',2);
INSERT INTO  CIUDAD ( ID, NOMBRE, DEPARTAMENTO_ID) VALUES (5985,'PALMITAS',2);
INSERT INTO  CIUDAD ( ID, NOMBRE, DEPARTAMENTO_ID) VALUES (5986,'PALERMO',2);
INSERT INTO  CIUDAD ( ID, NOMBRE, DEPARTAMENTO_ID) VALUES (5987,'NIQUIA',2);
INSERT INTO  CIUDAD ( ID, NOMBRE, DEPARTAMENTO_ID) VALUES (5988,'NARE ',2);
INSERT INTO  CIUDAD ( ID, NOMBRE, DEPARTAMENTO_ID) VALUES (5989,'MACHADO',2);
INSERT INTO  CIUDAD ( ID, NOMBRE, DEPARTAMENTO_ID) VALUES (5990,'LLANADAS',2);
INSERT INTO  CIUDAD ( ID, NOMBRE, DEPARTAMENTO_ID) VALUES (5991,'ALTAMIRA',2);
INSERT INTO  CIUDAD ( ID, NOMBRE, DEPARTAMENTO_ID) VALUES (5992,'SAN CRISTOBAL',2);
INSERT INTO  CIUDAD ( ID, NOMBRE, DEPARTAMENTO_ID) VALUES (5993,'LA TABLAZA',2);
INSERT INTO  CIUDAD ( ID, NOMBRE, DEPARTAMENTO_ID) VALUES (5994,'LA SIERRA',2);
INSERT INTO  CIUDAD ( ID, NOMBRE, DEPARTAMENTO_ID) VALUES (5995,'DORADAL',2);
INSERT INTO  CIUDAD ( ID, NOMBRE, DEPARTAMENTO_ID) VALUES (5996,'CUTURU',2);
INSERT INTO  CIUDAD ( ID, NOMBRE, DEPARTAMENTO_ID) VALUES (5997,'CURRULAO',2);
INSERT INTO  CIUDAD ( ID, NOMBRE, DEPARTAMENTO_ID) VALUES (5998,'CHURIDO',2);
INSERT INTO  CIUDAD ( ID, NOMBRE, DEPARTAMENTO_ID) VALUES (5999,'VIRTUAL',2);
INSERT INTO  CIUDAD ( ID, NOMBRE, DEPARTAMENTO_ID) VALUES (8001,'BARRANQUILLA',4);
INSERT INTO  CIUDAD ( ID, NOMBRE, DEPARTAMENTO_ID) VALUES (8002,'ARROYO DE PIEDRA',4);
INSERT INTO  CIUDAD ( ID, NOMBRE, DEPARTAMENTO_ID) VALUES (8078,'BARANOA',4);
INSERT INTO  CIUDAD ( ID, NOMBRE, DEPARTAMENTO_ID) VALUES (8137,'CAMPO DE LA CRUZ',4);
INSERT INTO  CIUDAD ( ID, NOMBRE, DEPARTAMENTO_ID) VALUES (8141,'CANDELARIA',4);
INSERT INTO  CIUDAD ( ID, NOMBRE, DEPARTAMENTO_ID) VALUES (8296,'GALAPA',4);
INSERT INTO  CIUDAD ( ID, NOMBRE, DEPARTAMENTO_ID) VALUES (8372,'JUAN DE ACOSTA',4);
INSERT INTO  CIUDAD ( ID, NOMBRE, DEPARTAMENTO_ID) VALUES (8421,'LURUACO',4);
INSERT INTO  CIUDAD ( ID, NOMBRE, DEPARTAMENTO_ID) VALUES (8433,'MALAMBO',4);
INSERT INTO  CIUDAD ( ID, NOMBRE, DEPARTAMENTO_ID) VALUES (8436,'MANATI',4);
INSERT INTO  CIUDAD ( ID, NOMBRE, DEPARTAMENTO_ID) VALUES (8520,'PALMAR DE VARELA',4);
INSERT INTO  CIUDAD ( ID, NOMBRE, DEPARTAMENTO_ID) VALUES (8549,'PIOJO',4);
INSERT INTO  CIUDAD ( ID, NOMBRE, DEPARTAMENTO_ID) VALUES (8558,'POLONUEVO',4);
INSERT INTO  CIUDAD ( ID, NOMBRE, DEPARTAMENTO_ID) VALUES (8560,'PONEDERA',4);
INSERT INTO  CIUDAD ( ID, NOMBRE, DEPARTAMENTO_ID) VALUES (8573,'PUERTO COLOMBIA',4);
INSERT INTO  CIUDAD ( ID, NOMBRE, DEPARTAMENTO_ID) VALUES (8606,'REPELON',4);
INSERT INTO  CIUDAD ( ID, NOMBRE, DEPARTAMENTO_ID) VALUES (8634,'SABANAGRANDE',4);
INSERT INTO  CIUDAD ( ID, NOMBRE, DEPARTAMENTO_ID) VALUES (8638,'SABANALARGA',4);
INSERT INTO  CIUDAD ( ID, NOMBRE, DEPARTAMENTO_ID) VALUES (8675,'SANTA LUCIA',4);
INSERT INTO  CIUDAD ( ID, NOMBRE, DEPARTAMENTO_ID) VALUES (8685,'SANTO TOMAS',4);
INSERT INTO  CIUDAD ( ID, NOMBRE, DEPARTAMENTO_ID) VALUES (8758,'SOLEDAD',4);
INSERT INTO  CIUDAD ( ID, NOMBRE, DEPARTAMENTO_ID) VALUES (8770,'SUAN',4);
INSERT INTO  CIUDAD ( ID, NOMBRE, DEPARTAMENTO_ID) VALUES (8832,'TUBARA',4);
INSERT INTO  CIUDAD ( ID, NOMBRE, DEPARTAMENTO_ID) VALUES (8849,'USIACURI',4);
INSERT INTO  CIUDAD ( ID, NOMBRE, DEPARTAMENTO_ID) VALUES (8993,'SALGAR',4);
INSERT INTO  CIUDAD ( ID, NOMBRE, DEPARTAMENTO_ID) VALUES (8994,'PITAL',4);
INSERT INTO  CIUDAD ( ID, NOMBRE, DEPARTAMENTO_ID) VALUES (8995,'MARTILLO',4);
INSERT INTO  CIUDAD ( ID, NOMBRE, DEPARTAMENTO_ID) VALUES (8996,'JUAN MINA',4);
INSERT INTO  CIUDAD ( ID, NOMBRE, DEPARTAMENTO_ID) VALUES (8997,'CARACOLI',4);
INSERT INTO  CIUDAD ( ID, NOMBRE, DEPARTAMENTO_ID) VALUES (8998,'CAMPECHE',4);
INSERT INTO  CIUDAD ( ID, NOMBRE, DEPARTAMENTO_ID) VALUES (8999,'ARROYO DE PIEDRA',4);
INSERT INTO  CIUDAD ( ID, NOMBRE, DEPARTAMENTO_ID) VALUES (11001,'BOGOTA',27);
INSERT INTO  CIUDAD ( ID, NOMBRE, DEPARTAMENTO_ID) VALUES (11005,'USME',27);
INSERT INTO  CIUDAD ( ID, NOMBRE, DEPARTAMENTO_ID) VALUES (11006,'TUNJUELITO',27);
INSERT INTO  CIUDAD ( ID, NOMBRE, DEPARTAMENTO_ID) VALUES (11007,'BOSA',27);
INSERT INTO  CIUDAD ( ID, NOMBRE, DEPARTAMENTO_ID) VALUES (11009,'FONTIBON',27);
INSERT INTO  CIUDAD ( ID, NOMBRE, DEPARTAMENTO_ID) VALUES (11010,'ENGATIVA',27);
INSERT INTO  CIUDAD ( ID, NOMBRE, DEPARTAMENTO_ID) VALUES (11011,'SUBA',27);
INSERT INTO  CIUDAD ( ID, NOMBRE, DEPARTAMENTO_ID) VALUES (11754,'SOACHA CUNDINAMARCA',27);
INSERT INTO  CIUDAD ( ID, NOMBRE, DEPARTAMENTO_ID) VALUES (13001,'CARTAGENA',5);
INSERT INTO  CIUDAD ( ID, NOMBRE, DEPARTAMENTO_ID) VALUES (13006,'ACHI',5);
INSERT INTO  CIUDAD ( ID, NOMBRE, DEPARTAMENTO_ID) VALUES (13030,'ALTO DEL ROSARIO',5);
INSERT INTO  CIUDAD ( ID, NOMBRE, DEPARTAMENTO_ID) VALUES (13042,'ARENAL',5);
INSERT INTO  CIUDAD ( ID, NOMBRE, DEPARTAMENTO_ID) VALUES (13052,'ARJONA',5);
INSERT INTO  CIUDAD ( ID, NOMBRE, DEPARTAMENTO_ID) VALUES (13062,'ARROYOHONDO',5);
INSERT INTO  CIUDAD ( ID, NOMBRE, DEPARTAMENTO_ID) VALUES (13074,'BARRANCO DE LOBA',5);
INSERT INTO  CIUDAD ( ID, NOMBRE, DEPARTAMENTO_ID) VALUES (11735,'BAYUNCA',5);
INSERT INTO  CIUDAD ( ID, NOMBRE, DEPARTAMENTO_ID) VALUES (11739,'ARROYO HONDO',5);
INSERT INTO  CIUDAD ( ID, NOMBRE, DEPARTAMENTO_ID) VALUES (11740,'CALAMAR',5);
INSERT INTO  CIUDAD ( ID, NOMBRE, DEPARTAMENTO_ID) VALUES (11760,'CANTAGALLO',5);
INSERT INTO  CIUDAD ( ID, NOMBRE, DEPARTAMENTO_ID) VALUES (11788,'CICUCO',5);
INSERT INTO  CIUDAD ( ID, NOMBRE, DEPARTAMENTO_ID) VALUES (13212,'CORDOBA',5);
INSERT INTO  CIUDAD ( ID, NOMBRE, DEPARTAMENTO_ID) VALUES (13222,'CLEMENCIA',5);
INSERT INTO  CIUDAD ( ID, NOMBRE, DEPARTAMENTO_ID) VALUES (13244,'EL CARMEN DE BOLIVAR',5);
INSERT INTO  CIUDAD ( ID, NOMBRE, DEPARTAMENTO_ID) VALUES (13248,'EL GUAMO',5);
INSERT INTO  CIUDAD ( ID, NOMBRE, DEPARTAMENTO_ID) VALUES (13268,'EL PEÑON',5);
INSERT INTO  CIUDAD ( ID, NOMBRE, DEPARTAMENTO_ID) VALUES (13300,'HATILLO DE LOBA',5);
INSERT INTO  CIUDAD ( ID, NOMBRE, DEPARTAMENTO_ID) VALUES (13430,'MAGANGUE',5);
INSERT INTO  CIUDAD ( ID, NOMBRE, DEPARTAMENTO_ID) VALUES (13433,'MAHATES',5);
INSERT INTO  CIUDAD ( ID, NOMBRE, DEPARTAMENTO_ID) VALUES (13440,'MARGARITA',5);
INSERT INTO  CIUDAD ( ID, NOMBRE, DEPARTAMENTO_ID) VALUES (13442,'MARIA LA BAJA',5);
INSERT INTO  CIUDAD ( ID, NOMBRE, DEPARTAMENTO_ID) VALUES (13458,'MONTECRISTO',5);
INSERT INTO  CIUDAD ( ID, NOMBRE, DEPARTAMENTO_ID) VALUES (13468,'MOMPOS',5);
INSERT INTO  CIUDAD ( ID, NOMBRE, DEPARTAMENTO_ID) VALUES (13473,'MORALES',5);
INSERT INTO  CIUDAD ( ID, NOMBRE, DEPARTAMENTO_ID) VALUES (13490,'NOROSI',5);
INSERT INTO  CIUDAD ( ID, NOMBRE, DEPARTAMENTO_ID) VALUES (13549,'PINILLOS',5);
INSERT INTO  CIUDAD ( ID, NOMBRE, DEPARTAMENTO_ID) VALUES (13580,'REGIDOR',5);
INSERT INTO  CIUDAD ( ID, NOMBRE, DEPARTAMENTO_ID) VALUES (13600,'RIOVIEJO',5);
INSERT INTO  CIUDAD ( ID, NOMBRE, DEPARTAMENTO_ID) VALUES (13620,'SAN CRISTOBAL',5);
INSERT INTO  CIUDAD ( ID, NOMBRE, DEPARTAMENTO_ID) VALUES (13647,'SAN ESTANISLAO',5);
INSERT INTO  CIUDAD ( ID, NOMBRE, DEPARTAMENTO_ID) VALUES (13650,'SAN FERNANDO',5);
INSERT INTO  CIUDAD ( ID, NOMBRE, DEPARTAMENTO_ID) VALUES (13654,'SAN JACINTO',5);
INSERT INTO  CIUDAD ( ID, NOMBRE, DEPARTAMENTO_ID) VALUES (13655,'SAN JACINTO DEL CAUCA',5);
INSERT INTO  CIUDAD ( ID, NOMBRE, DEPARTAMENTO_ID) VALUES (13657,'SAN JUAN NEPOMUCENO',5);
INSERT INTO  CIUDAD ( ID, NOMBRE, DEPARTAMENTO_ID) VALUES (13667,'SAN MARTIN DE LOBA',5);
INSERT INTO  CIUDAD ( ID, NOMBRE, DEPARTAMENTO_ID) VALUES (13670,'SAN PABLO',5);
INSERT INTO  CIUDAD ( ID, NOMBRE, DEPARTAMENTO_ID) VALUES (13673,'SANTA CATALINA',5);
INSERT INTO  CIUDAD ( ID, NOMBRE, DEPARTAMENTO_ID) VALUES (13683,'SANTA ROSA',5);
INSERT INTO  CIUDAD ( ID, NOMBRE, DEPARTAMENTO_ID) VALUES (13688,'SANTA ROSA SUR',5);
INSERT INTO  CIUDAD ( ID, NOMBRE, DEPARTAMENTO_ID) VALUES (13744,'SIMITI',5);
INSERT INTO  CIUDAD ( ID, NOMBRE, DEPARTAMENTO_ID) VALUES (13760,'SOPLAVIENTO',5);
INSERT INTO  CIUDAD ( ID, NOMBRE, DEPARTAMENTO_ID) VALUES (13780,'TALAIGUA NUEVO',5);
INSERT INTO  CIUDAD ( ID, NOMBRE, DEPARTAMENTO_ID) VALUES (13810,'TISIQUIO',5);
INSERT INTO  CIUDAD ( ID, NOMBRE, DEPARTAMENTO_ID) VALUES (13836,'TURBACO',5);
INSERT INTO  CIUDAD ( ID, NOMBRE, DEPARTAMENTO_ID) VALUES (13838,'TURBANA',5);
INSERT INTO  CIUDAD ( ID, NOMBRE, DEPARTAMENTO_ID) VALUES (13873,'VILLANUEVA',5);
INSERT INTO  CIUDAD ( ID, NOMBRE, DEPARTAMENTO_ID) VALUES (13894,'ZAMBRANO',5);
INSERT INTO  CIUDAD ( ID, NOMBRE, DEPARTAMENTO_ID) VALUES (13989,'TIQUISIO NUEVO',5);
INSERT INTO  CIUDAD ( ID, NOMBRE, DEPARTAMENTO_ID) VALUES (13990,'SINCERIN',5);
INSERT INTO  CIUDAD ( ID, NOMBRE, DEPARTAMENTO_ID) VALUES (13991,'SAN ANTONIO',5);
INSERT INTO  CIUDAD ( ID, NOMBRE, DEPARTAMENTO_ID) VALUES (13992,'PUNTA DE CANOA',5);
INSERT INTO  CIUDAD ( ID, NOMBRE, DEPARTAMENTO_ID) VALUES (13993,'PUEBLO NUEVO',5);
INSERT INTO  CIUDAD ( ID, NOMBRE, DEPARTAMENTO_ID) VALUES (13994,'PASACABALLOS',5);
INSERT INTO  CIUDAD ( ID, NOMBRE, DEPARTAMENTO_ID) VALUES (13995,'MALAGANA',5);
INSERT INTO  CIUDAD ( ID, NOMBRE, DEPARTAMENTO_ID) VALUES (13996,'GAMBOTE',5);
INSERT INTO  CIUDAD ( ID, NOMBRE, DEPARTAMENTO_ID) VALUES (13997,'EL NISPERO',5);
INSERT INTO  CIUDAD ( ID, NOMBRE, DEPARTAMENTO_ID) VALUES (13998,'BAYUNCA',5);
INSERT INTO  CIUDAD ( ID, NOMBRE, DEPARTAMENTO_ID) VALUES (13999,'ARROYO GRANDE',5);
INSERT INTO  CIUDAD ( ID, NOMBRE, DEPARTAMENTO_ID) VALUES (15001,'TUNJA',6);
INSERT INTO  CIUDAD ( ID, NOMBRE, DEPARTAMENTO_ID) VALUES (15022,'ALMEIDA',6);
INSERT INTO  CIUDAD ( ID, NOMBRE, DEPARTAMENTO_ID) VALUES (15047,'AQUITANIA (PUEBLO VIEJO)',6);
INSERT INTO  CIUDAD ( ID, NOMBRE, DEPARTAMENTO_ID) VALUES (15051,'ARCABUCO',6);
INSERT INTO  CIUDAD ( ID, NOMBRE, DEPARTAMENTO_ID) VALUES (15087,'BELEN',6);
INSERT INTO  CIUDAD ( ID, NOMBRE, DEPARTAMENTO_ID) VALUES (15090,'BERBEO',6);
INSERT INTO  CIUDAD ( ID, NOMBRE, DEPARTAMENTO_ID) VALUES (15092,'BETEITIVA',6);
INSERT INTO  CIUDAD ( ID, NOMBRE, DEPARTAMENTO_ID) VALUES (15097,'BOAVITA',6);
INSERT INTO  CIUDAD ( ID, NOMBRE, DEPARTAMENTO_ID) VALUES (15104,'BOYACA',6);
INSERT INTO  CIUDAD ( ID, NOMBRE, DEPARTAMENTO_ID) VALUES (15106,'BRICENO',6);
INSERT INTO  CIUDAD ( ID, NOMBRE, DEPARTAMENTO_ID) VALUES (15109,'BUENAVISTA',6);
INSERT INTO  CIUDAD ( ID, NOMBRE, DEPARTAMENTO_ID) VALUES (15114,'BUSVANZA',6);
INSERT INTO  CIUDAD ( ID, NOMBRE, DEPARTAMENTO_ID) VALUES (15117,'CALDAS',6);
INSERT INTO  CIUDAD ( ID, NOMBRE, DEPARTAMENTO_ID) VALUES (15135,'LOS CEDROS',6);
INSERT INTO  CIUDAD ( ID, NOMBRE, DEPARTAMENTO_ID) VALUES (15162,'CERINZA',6);
INSERT INTO  CIUDAD ( ID, NOMBRE, DEPARTAMENTO_ID) VALUES (15172,'CHINAVITA',6);
INSERT INTO  CIUDAD ( ID, NOMBRE, DEPARTAMENTO_ID) VALUES (15176,'CHIQUINQUIRA',6);
INSERT INTO  CIUDAD ( ID, NOMBRE, DEPARTAMENTO_ID) VALUES (15180,'CHISCAS',6);
INSERT INTO  CIUDAD ( ID, NOMBRE, DEPARTAMENTO_ID) VALUES (15183,'CHITA ie8',6);
INSERT INTO  CIUDAD ( ID, NOMBRE, DEPARTAMENTO_ID) VALUES (15185,'CHITARAQUE',6);
INSERT INTO  CIUDAD ( ID, NOMBRE, DEPARTAMENTO_ID) VALUES (15187,'CHIVATA',6);
INSERT INTO  CIUDAD ( ID, NOMBRE, DEPARTAMENTO_ID) VALUES (15189,'CIENAGA',6);
INSERT INTO  CIUDAD ( ID, NOMBRE, DEPARTAMENTO_ID) VALUES (15204,'COMBITA',6);
INSERT INTO  CIUDAD ( ID, NOMBRE, DEPARTAMENTO_ID) VALUES (15212,'COPER',6);
INSERT INTO  CIUDAD ( ID, NOMBRE, DEPARTAMENTO_ID) VALUES (15215,'CORRALES',6);
INSERT INTO  CIUDAD ( ID, NOMBRE, DEPARTAMENTO_ID) VALUES (15218,'COVARACHIA',6);
INSERT INTO  CIUDAD ( ID, NOMBRE, DEPARTAMENTO_ID) VALUES (15223,'CUBARA',6);
INSERT INTO  CIUDAD ( ID, NOMBRE, DEPARTAMENTO_ID) VALUES (15224,'CUCAITA',6);
INSERT INTO  CIUDAD ( ID, NOMBRE, DEPARTAMENTO_ID) VALUES (15226,'CUITIVA',6);
INSERT INTO  CIUDAD ( ID, NOMBRE, DEPARTAMENTO_ID) VALUES (15232,'CHIQUIZA',6);
INSERT INTO  CIUDAD ( ID, NOMBRE, DEPARTAMENTO_ID) VALUES (15236,'CHIVOR',6);
INSERT INTO  CIUDAD ( ID, NOMBRE, DEPARTAMENTO_ID) VALUES (15238,'DUITAMA',6);
INSERT INTO  CIUDAD ( ID, NOMBRE, DEPARTAMENTO_ID) VALUES (15244,'EL COCUY',6);
INSERT INTO  CIUDAD ( ID, NOMBRE, DEPARTAMENTO_ID) VALUES (15248,'EL ESPINO',6);
INSERT INTO  CIUDAD ( ID, NOMBRE, DEPARTAMENTO_ID) VALUES (15272,'FIRAVITOBA',6);
INSERT INTO  CIUDAD ( ID, NOMBRE, DEPARTAMENTO_ID) VALUES (15276,'FLORESTA',6);
INSERT INTO  CIUDAD ( ID, NOMBRE, DEPARTAMENTO_ID) VALUES (15293,'GACHANTIVA',6);
INSERT INTO  CIUDAD ( ID, NOMBRE, DEPARTAMENTO_ID) VALUES (15296,'GAMEZA',6);
INSERT INTO  CIUDAD ( ID, NOMBRE, DEPARTAMENTO_ID) VALUES (15299,'GARAGOA',6);
INSERT INTO  CIUDAD ( ID, NOMBRE, DEPARTAMENTO_ID) VALUES (15177,'GUACAMAYAS',6);
INSERT INTO  CIUDAD ( ID, NOMBRE, DEPARTAMENTO_ID) VALUES (15322,'GUATEQUE',6);
INSERT INTO  CIUDAD ( ID, NOMBRE, DEPARTAMENTO_ID) VALUES (15325,'GUAYATA',6);
INSERT INTO  CIUDAD ( ID, NOMBRE, DEPARTAMENTO_ID) VALUES (15332,'GUICAN',6);
INSERT INTO  CIUDAD ( ID, NOMBRE, DEPARTAMENTO_ID) VALUES (15362,'IZA',6);
INSERT INTO  CIUDAD ( ID, NOMBRE, DEPARTAMENTO_ID) VALUES (15367,'JENESANO',6);
INSERT INTO  CIUDAD ( ID, NOMBRE, DEPARTAMENTO_ID) VALUES (15368,'JERICO',6);
INSERT INTO  CIUDAD ( ID, NOMBRE, DEPARTAMENTO_ID) VALUES (15377,'LABRANZAGRANDE',6);
INSERT INTO  CIUDAD ( ID, NOMBRE, DEPARTAMENTO_ID) VALUES (15380,'LA CAPILLA',6);
INSERT INTO  CIUDAD ( ID, NOMBRE, DEPARTAMENTO_ID) VALUES (15401,'LA VICTORIA',6);
INSERT INTO  CIUDAD ( ID, NOMBRE, DEPARTAMENTO_ID) VALUES (15403,'LA UVITA',6);
INSERT INTO  CIUDAD ( ID, NOMBRE, DEPARTAMENTO_ID) VALUES (15407,'LEIVA',6);
INSERT INTO  CIUDAD ( ID, NOMBRE, DEPARTAMENTO_ID) VALUES (15425,'MACANAL',6);
INSERT INTO  CIUDAD ( ID, NOMBRE, DEPARTAMENTO_ID) VALUES (15442,'MARIPI',6);
INSERT INTO  CIUDAD ( ID, NOMBRE, DEPARTAMENTO_ID) VALUES (15455,'MIRAFLORES',6);
INSERT INTO  CIUDAD ( ID, NOMBRE, DEPARTAMENTO_ID) VALUES (15464,'MONGUA',6);
INSERT INTO  CIUDAD ( ID, NOMBRE, DEPARTAMENTO_ID) VALUES (15466,'MONGUI',6);
INSERT INTO  CIUDAD ( ID, NOMBRE, DEPARTAMENTO_ID) VALUES (15469,'MONIQUIRA',6);
INSERT INTO  CIUDAD ( ID, NOMBRE, DEPARTAMENTO_ID) VALUES (15476,'MOTAVITA',6);
INSERT INTO  CIUDAD ( ID, NOMBRE, DEPARTAMENTO_ID) VALUES (15480,'MUZO',6);
INSERT INTO  CIUDAD ( ID, NOMBRE, DEPARTAMENTO_ID) VALUES (15491,'NOBSA',6);
INSERT INTO  CIUDAD ( ID, NOMBRE, DEPARTAMENTO_ID) VALUES (15494,'NUEVO COLON',6);
INSERT INTO  CIUDAD ( ID, NOMBRE, DEPARTAMENTO_ID) VALUES (15500,'OICATA',6);
INSERT INTO  CIUDAD ( ID, NOMBRE, DEPARTAMENTO_ID) VALUES (15507,'OTANCHE',6);
INSERT INTO  CIUDAD ( ID, NOMBRE, DEPARTAMENTO_ID) VALUES (15511,'PACHAVITA',6);
INSERT INTO  CIUDAD ( ID, NOMBRE, DEPARTAMENTO_ID) VALUES (15514,'PAEZ',6);
INSERT INTO  CIUDAD ( ID, NOMBRE, DEPARTAMENTO_ID) VALUES (15516,'PAIPA',6);
INSERT INTO  CIUDAD ( ID, NOMBRE, DEPARTAMENTO_ID) VALUES (15518,'PAJARITO',6);
INSERT INTO  CIUDAD ( ID, NOMBRE, DEPARTAMENTO_ID) VALUES (15522,'PANQUEVA',6);
INSERT INTO  CIUDAD ( ID, NOMBRE, DEPARTAMENTO_ID) VALUES (15517,'PAUNA',6);
INSERT INTO  CIUDAD ( ID, NOMBRE, DEPARTAMENTO_ID) VALUES (15533,'PAYA',6);
INSERT INTO  CIUDAD ( ID, NOMBRE, DEPARTAMENTO_ID) VALUES (15537,'PAZ DE RIO',6);
INSERT INTO  CIUDAD ( ID, NOMBRE, DEPARTAMENTO_ID) VALUES (15542,'PESCA',6);
INSERT INTO  CIUDAD ( ID, NOMBRE, DEPARTAMENTO_ID) VALUES (15550,'PISVA',6);
INSERT INTO  CIUDAD ( ID, NOMBRE, DEPARTAMENTO_ID) VALUES (15572,'PUERTO BOYACA',6);
INSERT INTO  CIUDAD ( ID, NOMBRE, DEPARTAMENTO_ID) VALUES (15580,'QUIPAMA',6);
INSERT INTO  CIUDAD ( ID, NOMBRE, DEPARTAMENTO_ID) VALUES (15599,'RAMIRIQUI',6);
INSERT INTO  CIUDAD ( ID, NOMBRE, DEPARTAMENTO_ID) VALUES (15600,'RAQUIRA',6);
INSERT INTO  CIUDAD ( ID, NOMBRE, DEPARTAMENTO_ID) VALUES (15621,'RONDON',6);
INSERT INTO  CIUDAD ( ID, NOMBRE, DEPARTAMENTO_ID) VALUES (15632,'SABOYA',6);
INSERT INTO  CIUDAD ( ID, NOMBRE, DEPARTAMENTO_ID) VALUES (15638,'SACHICA',6);
INSERT INTO  CIUDAD ( ID, NOMBRE, DEPARTAMENTO_ID) VALUES (15646,'SAMACA',6);
INSERT INTO  CIUDAD ( ID, NOMBRE, DEPARTAMENTO_ID) VALUES (15660,'SAN EDUARDO',6);
INSERT INTO  CIUDAD ( ID, NOMBRE, DEPARTAMENTO_ID) VALUES (15664,'SAN JOSE DE PARE',6);
INSERT INTO  CIUDAD ( ID, NOMBRE, DEPARTAMENTO_ID) VALUES (15667,'SAN LUIS DE GACENO',6);
INSERT INTO  CIUDAD ( ID, NOMBRE, DEPARTAMENTO_ID) VALUES (15673,'SAN MATEO',6);
INSERT INTO  CIUDAD ( ID, NOMBRE, DEPARTAMENTO_ID) VALUES (15676,'SAN MIGUEL DE SEMA',6);
INSERT INTO  CIUDAD ( ID, NOMBRE, DEPARTAMENTO_ID) VALUES (15681,'SAN  PABLO DE BORBUR',6);
INSERT INTO  CIUDAD ( ID, NOMBRE, DEPARTAMENTO_ID) VALUES (15686,'SANTANA',6);
INSERT INTO  CIUDAD ( ID, NOMBRE, DEPARTAMENTO_ID) VALUES (15687,'BELENCITO ',6);
INSERT INTO  CIUDAD ( ID, NOMBRE, DEPARTAMENTO_ID) VALUES (15690,'SANTAMARIA',6);
INSERT INTO  CIUDAD ( ID, NOMBRE, DEPARTAMENTO_ID) VALUES (15693,'SANTA ROSA DE VITERBO',6);
INSERT INTO  CIUDAD ( ID, NOMBRE, DEPARTAMENTO_ID) VALUES (15696,'SANTA SOFIA',6);
INSERT INTO  CIUDAD ( ID, NOMBRE, DEPARTAMENTO_ID) VALUES (15720,'SATIVANORTE',6);
INSERT INTO  CIUDAD ( ID, NOMBRE, DEPARTAMENTO_ID) VALUES (15723,'SATIVASUR',6);
INSERT INTO  CIUDAD ( ID, NOMBRE, DEPARTAMENTO_ID) VALUES (15740,'SIACHOQUE',6);
INSERT INTO  CIUDAD ( ID, NOMBRE, DEPARTAMENTO_ID) VALUES (15753,'SOATA',6);
INSERT INTO  CIUDAD ( ID, NOMBRE, DEPARTAMENTO_ID) VALUES (15755,'SOCOTA',6);
INSERT INTO  CIUDAD ( ID, NOMBRE, DEPARTAMENTO_ID) VALUES (15757,'SOCHA',6);
INSERT INTO  CIUDAD ( ID, NOMBRE, DEPARTAMENTO_ID) VALUES (15759,'SOGAMOSO',6);
INSERT INTO  CIUDAD ( ID, NOMBRE, DEPARTAMENTO_ID) VALUES (15761,'SOMONDOCO',6);
INSERT INTO  CIUDAD ( ID, NOMBRE, DEPARTAMENTO_ID) VALUES (15762,'SORA',6);
INSERT INTO  CIUDAD ( ID, NOMBRE, DEPARTAMENTO_ID) VALUES (15763,'SOTAQUIRA',6);
INSERT INTO  CIUDAD ( ID, NOMBRE, DEPARTAMENTO_ID) VALUES (15764,'SORACA',6);
INSERT INTO  CIUDAD ( ID, NOMBRE, DEPARTAMENTO_ID) VALUES (15774,'SUSACON',6);
INSERT INTO  CIUDAD ( ID, NOMBRE, DEPARTAMENTO_ID) VALUES (15776,'SUTAMARCHAN',6);
INSERT INTO  CIUDAD ( ID, NOMBRE, DEPARTAMENTO_ID) VALUES (15778,'SUTATENZA',6);
INSERT INTO  CIUDAD ( ID, NOMBRE, DEPARTAMENTO_ID) VALUES (15790,'TASCO',6);
INSERT INTO  CIUDAD ( ID, NOMBRE, DEPARTAMENTO_ID) VALUES (15798,'TENZA',6);
INSERT INTO  CIUDAD ( ID, NOMBRE, DEPARTAMENTO_ID) VALUES (15804,'TIBANA',6);
INSERT INTO  CIUDAD ( ID, NOMBRE, DEPARTAMENTO_ID) VALUES (15806,'TIBASOSA',6);
INSERT INTO  CIUDAD ( ID, NOMBRE, DEPARTAMENTO_ID) VALUES (15808,'TINJACA',6);
INSERT INTO  CIUDAD ( ID, NOMBRE, DEPARTAMENTO_ID) VALUES (15810,'TIPACOQUE',6);
INSERT INTO  CIUDAD ( ID, NOMBRE, DEPARTAMENTO_ID) VALUES (15814,'TOCA',6);
INSERT INTO  CIUDAD ( ID, NOMBRE, DEPARTAMENTO_ID) VALUES (15816,'TOGUI',6);
INSERT INTO  CIUDAD ( ID, NOMBRE, DEPARTAMENTO_ID) VALUES (15820,'TOPAGA',6);
INSERT INTO  CIUDAD ( ID, NOMBRE, DEPARTAMENTO_ID) VALUES (15822,'TOTA',6);
INSERT INTO  CIUDAD ( ID, NOMBRE, DEPARTAMENTO_ID) VALUES (15832,'TUNUNGUA',6);
INSERT INTO  CIUDAD ( ID, NOMBRE, DEPARTAMENTO_ID) VALUES (15835,'TURMEQUE',6);
INSERT INTO  CIUDAD ( ID, NOMBRE, DEPARTAMENTO_ID) VALUES (15837,'TUTA',6);
INSERT INTO  CIUDAD ( ID, NOMBRE, DEPARTAMENTO_ID) VALUES (15839,'TUTASA',6);
INSERT INTO  CIUDAD ( ID, NOMBRE, DEPARTAMENTO_ID) VALUES (15842,'UMBITA',6);
INSERT INTO  CIUDAD ( ID, NOMBRE, DEPARTAMENTO_ID) VALUES (15861,'VENTAQUEMADA',6);
INSERT INTO  CIUDAD ( ID, NOMBRE, DEPARTAMENTO_ID) VALUES (15879,'VIRACACHA',6);
INSERT INTO  CIUDAD ( ID, NOMBRE, DEPARTAMENTO_ID) VALUES (15897,'ZETAQUIRA',6);
INSERT INTO  CIUDAD ( ID, NOMBRE, DEPARTAMENTO_ID) VALUES (17001,'MANIZALES',7);
INSERT INTO  CIUDAD ( ID, NOMBRE, DEPARTAMENTO_ID) VALUES (17013,'AGUADAS',7);
INSERT INTO  CIUDAD ( ID, NOMBRE, DEPARTAMENTO_ID) VALUES (17042,'ANSERMA',7);
INSERT INTO  CIUDAD ( ID, NOMBRE, DEPARTAMENTO_ID) VALUES (17050,'ARANZAZU',7);
INSERT INTO  CIUDAD ( ID, NOMBRE, DEPARTAMENTO_ID) VALUES (17060,'ARAUCA',7);
INSERT INTO  CIUDAD ( ID, NOMBRE, DEPARTAMENTO_ID) VALUES (17088,'BELALCAZAR',7);
INSERT INTO  CIUDAD ( ID, NOMBRE, DEPARTAMENTO_ID) VALUES (17174,'CHINCHINA',7);
INSERT INTO  CIUDAD ( ID, NOMBRE, DEPARTAMENTO_ID) VALUES (17272,'FILADELFIA',7);
INSERT INTO  CIUDAD ( ID, NOMBRE, DEPARTAMENTO_ID) VALUES (17380,'LA DORADA',7);
INSERT INTO  CIUDAD ( ID, NOMBRE, DEPARTAMENTO_ID) VALUES (17388,'LA MERCED',7);
INSERT INTO  CIUDAD ( ID, NOMBRE, DEPARTAMENTO_ID) VALUES (17433,'MANZANARES',7);
INSERT INTO  CIUDAD ( ID, NOMBRE, DEPARTAMENTO_ID) VALUES (17442,'MARMATO',7);
INSERT INTO  CIUDAD ( ID, NOMBRE, DEPARTAMENTO_ID) VALUES (17444,'MARQUETALIA',7);
INSERT INTO  CIUDAD ( ID, NOMBRE, DEPARTAMENTO_ID) VALUES (17446,'MARULANDA',7);
INSERT INTO  CIUDAD ( ID, NOMBRE, DEPARTAMENTO_ID) VALUES (17486,'NEIRA',7);
INSERT INTO  CIUDAD ( ID, NOMBRE, DEPARTAMENTO_ID) VALUES (17495,'NORCASIA',7);
INSERT INTO  CIUDAD ( ID, NOMBRE, DEPARTAMENTO_ID) VALUES (17513,'PACORA',7);
INSERT INTO  CIUDAD ( ID, NOMBRE, DEPARTAMENTO_ID) VALUES (17524,'PALESTINA',7);
INSERT INTO  CIUDAD ( ID, NOMBRE, DEPARTAMENTO_ID) VALUES (17541,'PENSILVANIA',7);
INSERT INTO  CIUDAD ( ID, NOMBRE, DEPARTAMENTO_ID) VALUES (17614,'RIOSUCIO',7);
INSERT INTO  CIUDAD ( ID, NOMBRE, DEPARTAMENTO_ID) VALUES (17616,'RISARALDA',7);
INSERT INTO  CIUDAD ( ID, NOMBRE, DEPARTAMENTO_ID) VALUES (17653,'SALAMINA',7);
INSERT INTO  CIUDAD ( ID, NOMBRE, DEPARTAMENTO_ID) VALUES (17662,'SAMANA',7);
INSERT INTO  CIUDAD ( ID, NOMBRE, DEPARTAMENTO_ID) VALUES (17665,'SAN JOSE',7);
INSERT INTO  CIUDAD ( ID, NOMBRE, DEPARTAMENTO_ID) VALUES (17777,'SUPIA',7);
INSERT INTO  CIUDAD ( ID, NOMBRE, DEPARTAMENTO_ID) VALUES (17867,'VICTORIA',7);
INSERT INTO  CIUDAD ( ID, NOMBRE, DEPARTAMENTO_ID) VALUES (17873,'VILLAMARIA',7);
INSERT INTO  CIUDAD ( ID, NOMBRE, DEPARTAMENTO_ID) VALUES (17877,'VITERBO',7);
INSERT INTO  CIUDAD ( ID, NOMBRE, DEPARTAMENTO_ID) VALUES (17991,'ARAUCA',7);
INSERT INTO  CIUDAD ( ID, NOMBRE, DEPARTAMENTO_ID) VALUES (17992,'BOLIVIA',7);
INSERT INTO  CIUDAD ( ID, NOMBRE, DEPARTAMENTO_ID) VALUES (17993,'FLORENCIA',7);
INSERT INTO  CIUDAD ( ID, NOMBRE, DEPARTAMENTO_ID) VALUES (17994,'MONTEBONITO',7);
INSERT INTO  CIUDAD ( ID, NOMBRE, DEPARTAMENTO_ID) VALUES (17995,'SAN FELIX',7);
INSERT INTO  CIUDAD ( ID, NOMBRE, DEPARTAMENTO_ID) VALUES (17996,'SAN JOSE DE RISARALDA',7);
INSERT INTO  CIUDAD ( ID, NOMBRE, DEPARTAMENTO_ID) VALUES (17997,'NORCASIA',7);
INSERT INTO  CIUDAD ( ID, NOMBRE, DEPARTAMENTO_ID) VALUES (17998,'ARBOLEDA',7);
INSERT INTO  CIUDAD ( ID, NOMBRE, DEPARTAMENTO_ID) VALUES (17999,'PUERTO SALGAR',7);
INSERT INTO  CIUDAD ( ID, NOMBRE, DEPARTAMENTO_ID) VALUES (18001,'FLORENCIA',14);
INSERT INTO  CIUDAD ( ID, NOMBRE, DEPARTAMENTO_ID) VALUES (18029,'ALBANIA',14);
INSERT INTO  CIUDAD ( ID, NOMBRE, DEPARTAMENTO_ID) VALUES (18094,'BELEN DE LOS ANDAQUIES',14);
INSERT INTO  CIUDAD ( ID, NOMBRE, DEPARTAMENTO_ID) VALUES (18150,'CARTAGENA DEL CHAIRA',14);
INSERT INTO  CIUDAD ( ID, NOMBRE, DEPARTAMENTO_ID) VALUES (18205,'CURILLO',14);
INSERT INTO  CIUDAD ( ID, NOMBRE, DEPARTAMENTO_ID) VALUES (18247,'EL DONCELLO',14);
INSERT INTO  CIUDAD ( ID, NOMBRE, DEPARTAMENTO_ID) VALUES (18256,'EL PAUJIL',14);
INSERT INTO  CIUDAD ( ID, NOMBRE, DEPARTAMENTO_ID) VALUES (18410,'LA MONTAÑITA',14);
INSERT INTO  CIUDAD ( ID, NOMBRE, DEPARTAMENTO_ID) VALUES (18449,'MATICURO',14);
INSERT INTO  CIUDAD ( ID, NOMBRE, DEPARTAMENTO_ID) VALUES (18460,'MILAN',14);
INSERT INTO  CIUDAD ( ID, NOMBRE, DEPARTAMENTO_ID) VALUES (18479,'MORELIA',14);
INSERT INTO  CIUDAD ( ID, NOMBRE, DEPARTAMENTO_ID) VALUES (18592,'PUERTO RICO',14);
INSERT INTO  CIUDAD ( ID, NOMBRE, DEPARTAMENTO_ID) VALUES (18610,'SAN JOSE DE FRAGUA',14);
INSERT INTO  CIUDAD ( ID, NOMBRE, DEPARTAMENTO_ID) VALUES (18753,'SAN VICENTE DEL CAGUAN',14);
INSERT INTO  CIUDAD ( ID, NOMBRE, DEPARTAMENTO_ID) VALUES (18756,'SOLANO',14);
INSERT INTO  CIUDAD ( ID, NOMBRE, DEPARTAMENTO_ID) VALUES (18765,'SOLANO',14);
INSERT INTO  CIUDAD ( ID, NOMBRE, DEPARTAMENTO_ID) VALUES (18767,'SOLITA',14);
INSERT INTO  CIUDAD ( ID, NOMBRE, DEPARTAMENTO_ID) VALUES (18785,'SOLITA',14);
INSERT INTO  CIUDAD ( ID, NOMBRE, DEPARTAMENTO_ID) VALUES (18860,'VALPARAISO',14);
INSERT INTO  CIUDAD ( ID, NOMBRE, DEPARTAMENTO_ID) VALUES (18991,'GUACAMAYAS',14);
INSERT INTO  CIUDAD ( ID, NOMBRE, DEPARTAMENTO_ID) VALUES (19001,'POPAYAN',9);
INSERT INTO  CIUDAD ( ID, NOMBRE, DEPARTAMENTO_ID) VALUES (19022,'ALMAGUER',9);
INSERT INTO  CIUDAD ( ID, NOMBRE, DEPARTAMENTO_ID) VALUES (19050,'ARGELIA',9);
INSERT INTO  CIUDAD ( ID, NOMBRE, DEPARTAMENTO_ID) VALUES (19075,'BALBOA',9);
INSERT INTO  CIUDAD ( ID, NOMBRE, DEPARTAMENTO_ID) VALUES (19100,'BOLIVAR',9);
INSERT INTO  CIUDAD ( ID, NOMBRE, DEPARTAMENTO_ID) VALUES (19110,'BUENOS AIRES',9);
INSERT INTO  CIUDAD ( ID, NOMBRE, DEPARTAMENTO_ID) VALUES (19130,'CAJIBIO',9);
INSERT INTO  CIUDAD ( ID, NOMBRE, DEPARTAMENTO_ID) VALUES (19137,'CALDONO',9);
INSERT INTO  CIUDAD ( ID, NOMBRE, DEPARTAMENTO_ID) VALUES (19142,'CALOTO',9);
INSERT INTO  CIUDAD ( ID, NOMBRE, DEPARTAMENTO_ID) VALUES (19212,'CORINTO',9);
INSERT INTO  CIUDAD ( ID, NOMBRE, DEPARTAMENTO_ID) VALUES (19256,'EL TAMBO',9);
INSERT INTO  CIUDAD ( ID, NOMBRE, DEPARTAMENTO_ID) VALUES (19290,'FLORENCIA',9);
INSERT INTO  CIUDAD ( ID, NOMBRE, DEPARTAMENTO_ID) VALUES (19300,'GUACHENE',9);
INSERT INTO  CIUDAD ( ID, NOMBRE, DEPARTAMENTO_ID) VALUES (19178,'GUAPI',9);
INSERT INTO  CIUDAD ( ID, NOMBRE, DEPARTAMENTO_ID) VALUES (19355,'INZA',9);
INSERT INTO  CIUDAD ( ID, NOMBRE, DEPARTAMENTO_ID) VALUES (19364,'JAMBALO',9);
INSERT INTO  CIUDAD ( ID, NOMBRE, DEPARTAMENTO_ID) VALUES (19392,'LA SIERRA',9);
INSERT INTO  CIUDAD ( ID, NOMBRE, DEPARTAMENTO_ID) VALUES (19397,'LA VEGA',9);
INSERT INTO  CIUDAD ( ID, NOMBRE, DEPARTAMENTO_ID) VALUES (19418,'LOPEZ (MICAY)',9);
INSERT INTO  CIUDAD ( ID, NOMBRE, DEPARTAMENTO_ID) VALUES (19450,'MERCADERES',9);
INSERT INTO  CIUDAD ( ID, NOMBRE, DEPARTAMENTO_ID) VALUES (19455,'MIRANDA',9);
INSERT INTO  CIUDAD ( ID, NOMBRE, DEPARTAMENTO_ID) VALUES (19473,'MORALES',9);
INSERT INTO  CIUDAD ( ID, NOMBRE, DEPARTAMENTO_ID) VALUES (19513,'PADILLA',9);
INSERT INTO  CIUDAD ( ID, NOMBRE, DEPARTAMENTO_ID) VALUES (19517,'PAEZ (BELALCAZAR)',9);
INSERT INTO  CIUDAD ( ID, NOMBRE, DEPARTAMENTO_ID) VALUES (19532,'PATIA (EL BORDO)',9);
INSERT INTO  CIUDAD ( ID, NOMBRE, DEPARTAMENTO_ID) VALUES (19533,'PIAMONTE',9);
INSERT INTO  CIUDAD ( ID, NOMBRE, DEPARTAMENTO_ID) VALUES (19548,'TUNIA (PIENDAMO)',9);
INSERT INTO  CIUDAD ( ID, NOMBRE, DEPARTAMENTO_ID) VALUES (19573,'PUERTO TEJADA',9);
INSERT INTO  CIUDAD ( ID, NOMBRE, DEPARTAMENTO_ID) VALUES (19585,'PURACE (COCONUCO)',9);
INSERT INTO  CIUDAD ( ID, NOMBRE, DEPARTAMENTO_ID) VALUES (19622,'ROSAS',9);
INSERT INTO  CIUDAD ( ID, NOMBRE, DEPARTAMENTO_ID) VALUES (19693,'SAN SEBASTIAN',9);
INSERT INTO  CIUDAD ( ID, NOMBRE, DEPARTAMENTO_ID) VALUES (19698,'SANTANDER',9);
INSERT INTO  CIUDAD ( ID, NOMBRE, DEPARTAMENTO_ID) VALUES (19701,'SANTA ROSA',9);
INSERT INTO  CIUDAD ( ID, NOMBRE, DEPARTAMENTO_ID) VALUES (19743,'SILVIA',9);
INSERT INTO  CIUDAD ( ID, NOMBRE, DEPARTAMENTO_ID) VALUES (19760,'SOTARA (PAISPAMBA)',9);
INSERT INTO  CIUDAD ( ID, NOMBRE, DEPARTAMENTO_ID) VALUES (19780,'SUAREZ',9);
INSERT INTO  CIUDAD ( ID, NOMBRE, DEPARTAMENTO_ID) VALUES (19785,'SUCRE',9);
INSERT INTO  CIUDAD ( ID, NOMBRE, DEPARTAMENTO_ID) VALUES (19807,'TIMBIO',9);
INSERT INTO  CIUDAD ( ID, NOMBRE, DEPARTAMENTO_ID) VALUES (19809,'TIMBIQUI',9);
INSERT INTO  CIUDAD ( ID, NOMBRE, DEPARTAMENTO_ID) VALUES (19821,'TORIBIO',9);
INSERT INTO  CIUDAD ( ID, NOMBRE, DEPARTAMENTO_ID) VALUES (19824,'TOTORO',9);
INSERT INTO  CIUDAD ( ID, NOMBRE, DEPARTAMENTO_ID) VALUES (19845,'VILLA RICA',9);
INSERT INTO  CIUDAD ( ID, NOMBRE, DEPARTAMENTO_ID) VALUES (19991,'SIBERIA',9);
INSERT INTO  CIUDAD ( ID, NOMBRE, DEPARTAMENTO_ID) VALUES (19992,'SUAREZ',9);
INSERT INTO  CIUDAD ( ID, NOMBRE, DEPARTAMENTO_ID) VALUES (19994,'TUNIA',9);
INSERT INTO  CIUDAD ( ID, NOMBRE, DEPARTAMENTO_ID) VALUES (19995,'TORO',9);
INSERT INTO  CIUDAD ( ID, NOMBRE, DEPARTAMENTO_ID) VALUES (19996,'TIMBA',9);
INSERT INTO  CIUDAD ( ID, NOMBRE, DEPARTAMENTO_ID) VALUES (19997,'VILLA RICA',9);
INSERT INTO  CIUDAD ( ID, NOMBRE, DEPARTAMENTO_ID) VALUES (19998,'PURACE',9);
INSERT INTO  CIUDAD ( ID, NOMBRE, DEPARTAMENTO_ID) VALUES (19999,'PATIA ',9);
INSERT INTO  CIUDAD ( ID, NOMBRE, DEPARTAMENTO_ID) VALUES (20001,'VALLEDUPAR',10);
INSERT INTO  CIUDAD ( ID, NOMBRE, DEPARTAMENTO_ID) VALUES (20011,'AGUACHICA',10);
INSERT INTO  CIUDAD ( ID, NOMBRE, DEPARTAMENTO_ID) VALUES (20013,'AGUSTIN CODAZZI',10);
INSERT INTO  CIUDAD ( ID, NOMBRE, DEPARTAMENTO_ID) VALUES (20032,'ASTREA',10);
INSERT INTO  CIUDAD ( ID, NOMBRE, DEPARTAMENTO_ID) VALUES (20045,'BECERRIL',10);
INSERT INTO  CIUDAD ( ID, NOMBRE, DEPARTAMENTO_ID) VALUES (20060,'BOSCONIA',10);
INSERT INTO  CIUDAD ( ID, NOMBRE, DEPARTAMENTO_ID) VALUES (20175,'CHIMICHAGUA',10);
INSERT INTO  CIUDAD ( ID, NOMBRE, DEPARTAMENTO_ID) VALUES (20178,'CHIRIGUANA',10);
INSERT INTO  CIUDAD ( ID, NOMBRE, DEPARTAMENTO_ID) VALUES (20228,'CURUMANI',10);
INSERT INTO  CIUDAD ( ID, NOMBRE, DEPARTAMENTO_ID) VALUES (20238,'EL COPEY',10);
INSERT INTO  CIUDAD ( ID, NOMBRE, DEPARTAMENTO_ID) VALUES (20250,'EL PASO',10);
INSERT INTO  CIUDAD ( ID, NOMBRE, DEPARTAMENTO_ID) VALUES (20295,'GAMARRA',10);
INSERT INTO  CIUDAD ( ID, NOMBRE, DEPARTAMENTO_ID) VALUES (20170,'GONZALEZ',10);
INSERT INTO  CIUDAD ( ID, NOMBRE, DEPARTAMENTO_ID) VALUES (20383,'LA GLORIA',10);
INSERT INTO  CIUDAD ( ID, NOMBRE, DEPARTAMENTO_ID) VALUES (20400,'LA JAGUA IBIRICO',10);
INSERT INTO  CIUDAD ( ID, NOMBRE, DEPARTAMENTO_ID) VALUES (20443,'MANAURE BAJO CESAR',10);
INSERT INTO  CIUDAD ( ID, NOMBRE, DEPARTAMENTO_ID) VALUES (20517,'PAILITAS',10);
INSERT INTO  CIUDAD ( ID, NOMBRE, DEPARTAMENTO_ID) VALUES (20550,'PELAYA',10);
INSERT INTO  CIUDAD ( ID, NOMBRE, DEPARTAMENTO_ID) VALUES (20560,'MANAURE',10);
INSERT INTO  CIUDAD ( ID, NOMBRE, DEPARTAMENTO_ID) VALUES (20570,'PUEBLO BELLO',10);
INSERT INTO  CIUDAD ( ID, NOMBRE, DEPARTAMENTO_ID) VALUES (20614,'RIO DE ORO',10);
INSERT INTO  CIUDAD ( ID, NOMBRE, DEPARTAMENTO_ID) VALUES (20621,'ROBLES (LA PAZ)',10);
INSERT INTO  CIUDAD ( ID, NOMBRE, DEPARTAMENTO_ID) VALUES (20710,'SAN ALBERTO',10);
INSERT INTO  CIUDAD ( ID, NOMBRE, DEPARTAMENTO_ID) VALUES (20750,'SAN DIEGO',10);
INSERT INTO  CIUDAD ( ID, NOMBRE, DEPARTAMENTO_ID) VALUES (20770,'SAN MARTIN',10);
INSERT INTO  CIUDAD ( ID, NOMBRE, DEPARTAMENTO_ID) VALUES (20787,'TAMALAMEQUE',10);
INSERT INTO  CIUDAD ( ID, NOMBRE, DEPARTAMENTO_ID) VALUES (20991,'PUEBLO BELLO',10);
INSERT INTO  CIUDAD ( ID, NOMBRE, DEPARTAMENTO_ID) VALUES (20992,'RINCON HONDO',10);
INSERT INTO  CIUDAD ( ID, NOMBRE, DEPARTAMENTO_ID) VALUES (20993,'MARIANGOLA',10);
INSERT INTO  CIUDAD ( ID, NOMBRE, DEPARTAMENTO_ID) VALUES (20994,'LA PEDREGOSA',10);
INSERT INTO  CIUDAD ( ID, NOMBRE, DEPARTAMENTO_ID) VALUES (20995,'LA PAZ ',10);
INSERT INTO  CIUDAD ( ID, NOMBRE, DEPARTAMENTO_ID) VALUES (20996,'LA LOMA',10);
INSERT INTO  CIUDAD ( ID, NOMBRE, DEPARTAMENTO_ID) VALUES (20997,'CASACARA',10);
INSERT INTO  CIUDAD ( ID, NOMBRE, DEPARTAMENTO_ID) VALUES (20998,'BESOTE',10);
INSERT INTO  CIUDAD ( ID, NOMBRE, DEPARTAMENTO_ID) VALUES (20999,'ATANQUEZ',10);
INSERT INTO  CIUDAD ( ID, NOMBRE, DEPARTAMENTO_ID) VALUES (23001,'MONTERIA',11);
INSERT INTO  CIUDAD ( ID, NOMBRE, DEPARTAMENTO_ID) VALUES (23068,'AYAPEL',11);
INSERT INTO  CIUDAD ( ID, NOMBRE, DEPARTAMENTO_ID) VALUES (23079,'BUENAVISTA',11);
INSERT INTO  CIUDAD ( ID, NOMBRE, DEPARTAMENTO_ID) VALUES (23090,'CANALETE',11);
INSERT INTO  CIUDAD ( ID, NOMBRE, DEPARTAMENTO_ID) VALUES (21762,'CERETE',11);
INSERT INTO  CIUDAD ( ID, NOMBRE, DEPARTAMENTO_ID) VALUES (21768,'CHIMA',11);
INSERT INTO  CIUDAD ( ID, NOMBRE, DEPARTAMENTO_ID) VALUES (21782,'CHINU',11);
INSERT INTO  CIUDAD ( ID, NOMBRE, DEPARTAMENTO_ID) VALUES (21789,'CIENAGA DE ORO',11);
INSERT INTO  CIUDAD ( ID, NOMBRE, DEPARTAMENTO_ID) VALUES (23300,'COTORRA',11);
INSERT INTO  CIUDAD ( ID, NOMBRE, DEPARTAMENTO_ID) VALUES (23350,'LA APARTADA',11);
INSERT INTO  CIUDAD ( ID, NOMBRE, DEPARTAMENTO_ID) VALUES (23417,'LORICA',11);
INSERT INTO  CIUDAD ( ID, NOMBRE, DEPARTAMENTO_ID) VALUES (23419,'LOS CORDOBAS',11);
INSERT INTO  CIUDAD ( ID, NOMBRE, DEPARTAMENTO_ID) VALUES (23464,'MOMIL',11);
INSERT INTO  CIUDAD ( ID, NOMBRE, DEPARTAMENTO_ID) VALUES (23466,'MONTELIBANO',11);
INSERT INTO  CIUDAD ( ID, NOMBRE, DEPARTAMENTO_ID) VALUES (23500,'MONITOS',11);
INSERT INTO  CIUDAD ( ID, NOMBRE, DEPARTAMENTO_ID) VALUES (23555,'PLANETA RICA',11);
INSERT INTO  CIUDAD ( ID, NOMBRE, DEPARTAMENTO_ID) VALUES (23570,'PUEBLO NUEVO',11);
INSERT INTO  CIUDAD ( ID, NOMBRE, DEPARTAMENTO_ID) VALUES (23574,'PUERTO ESCONDIDO',11);
INSERT INTO  CIUDAD ( ID, NOMBRE, DEPARTAMENTO_ID) VALUES (23580,'PUERTO LIBERTADOR',11);
INSERT INTO  CIUDAD ( ID, NOMBRE, DEPARTAMENTO_ID) VALUES (23586,'PURISIMA',11);
INSERT INTO  CIUDAD ( ID, NOMBRE, DEPARTAMENTO_ID) VALUES (23660,'SAHAGUN',11);
INSERT INTO  CIUDAD ( ID, NOMBRE, DEPARTAMENTO_ID) VALUES (23670,'SAN ANDRES DE SOTAVENTO',11);
INSERT INTO  CIUDAD ( ID, NOMBRE, DEPARTAMENTO_ID) VALUES (23672,'SAN ANTERO',11);
INSERT INTO  CIUDAD ( ID, NOMBRE, DEPARTAMENTO_ID) VALUES (23675,'SAN BERNARDO DEL VIENTO',11);
INSERT INTO  CIUDAD ( ID, NOMBRE, DEPARTAMENTO_ID) VALUES (23678,'SAN CARLOS',11);
INSERT INTO  CIUDAD ( ID, NOMBRE, DEPARTAMENTO_ID) VALUES (23682,'SAN JOSE DE URE',11);
INSERT INTO  CIUDAD ( ID, NOMBRE, DEPARTAMENTO_ID) VALUES (23686,'SAN PELAYO',11);
INSERT INTO  CIUDAD ( ID, NOMBRE, DEPARTAMENTO_ID) VALUES (23807,'TIERRALTA (ALTO SINU)',11);
INSERT INTO  CIUDAD ( ID, NOMBRE, DEPARTAMENTO_ID) VALUES (23815,'TUCHIN',11);
INSERT INTO  CIUDAD ( ID, NOMBRE, DEPARTAMENTO_ID) VALUES (23855,'VALENCIA',11);
INSERT INTO  CIUDAD ( ID, NOMBRE, DEPARTAMENTO_ID) VALUES (23991,'CERROMATOSO',11);
INSERT INTO  CIUDAD ( ID, NOMBRE, DEPARTAMENTO_ID) VALUES (23996,'MOCARI',11);
INSERT INTO  CIUDAD ( ID, NOMBRE, DEPARTAMENTO_ID) VALUES (23997,'MATEO GOMEZ',11);
INSERT INTO  CIUDAD ( ID, NOMBRE, DEPARTAMENTO_ID) VALUES (23998,'LOS GARZONES',11);
INSERT INTO  CIUDAD ( ID, NOMBRE, DEPARTAMENTO_ID) VALUES (23999,'EL CARITO',11);
INSERT INTO  CIUDAD ( ID, NOMBRE, DEPARTAMENTO_ID) VALUES (25001,'AGUA DE DIOS',12);
INSERT INTO  CIUDAD ( ID, NOMBRE, DEPARTAMENTO_ID) VALUES (25019,'ALBAN',12);
INSERT INTO  CIUDAD ( ID, NOMBRE, DEPARTAMENTO_ID) VALUES (25035,'ANAPOIMA',12);
INSERT INTO  CIUDAD ( ID, NOMBRE, DEPARTAMENTO_ID) VALUES (25040,'ANOLAIMA',12);
INSERT INTO  CIUDAD ( ID, NOMBRE, DEPARTAMENTO_ID) VALUES (25053,'ARBELAEZ',12);
INSERT INTO  CIUDAD ( ID, NOMBRE, DEPARTAMENTO_ID) VALUES (25086,'BELTRAN',12);
INSERT INTO  CIUDAD ( ID, NOMBRE, DEPARTAMENTO_ID) VALUES (25095,'BITUIMA',12);
INSERT INTO  CIUDAD ( ID, NOMBRE, DEPARTAMENTO_ID) VALUES (25099,'BOJACA',12);
INSERT INTO  CIUDAD ( ID, NOMBRE, DEPARTAMENTO_ID) VALUES (25120,'CABRERA',12);
INSERT INTO  CIUDAD ( ID, NOMBRE, DEPARTAMENTO_ID) VALUES (25123,'CACHIPAY',12);
INSERT INTO  CIUDAD ( ID, NOMBRE, DEPARTAMENTO_ID) VALUES (25126,'CAJICA',12);
INSERT INTO  CIUDAD ( ID, NOMBRE, DEPARTAMENTO_ID) VALUES (25148,'CAPARRAPI',12);
INSERT INTO  CIUDAD ( ID, NOMBRE, DEPARTAMENTO_ID) VALUES (25151,'CAQUEZA',12);
INSERT INTO  CIUDAD ( ID, NOMBRE, DEPARTAMENTO_ID) VALUES (25154,'CARMEN DE CARUPA',12);
INSERT INTO  CIUDAD ( ID, NOMBRE, DEPARTAMENTO_ID) VALUES (25168,'CHAGUANI',12);
INSERT INTO  CIUDAD ( ID, NOMBRE, DEPARTAMENTO_ID) VALUES (25175,'CHIA',12);
INSERT INTO  CIUDAD ( ID, NOMBRE, DEPARTAMENTO_ID) VALUES (25178,'CHIPAQUE',12);
INSERT INTO  CIUDAD ( ID, NOMBRE, DEPARTAMENTO_ID) VALUES (25181,'CHOACHI',12);
INSERT INTO  CIUDAD ( ID, NOMBRE, DEPARTAMENTO_ID) VALUES (25183,'CHOCONTA',12);
INSERT INTO  CIUDAD ( ID, NOMBRE, DEPARTAMENTO_ID) VALUES (25200,'COGUA',12);
INSERT INTO  CIUDAD ( ID, NOMBRE, DEPARTAMENTO_ID) VALUES (25214,'COTA',12);
INSERT INTO  CIUDAD ( ID, NOMBRE, DEPARTAMENTO_ID) VALUES (25224,'CUCUNUBA',12);
INSERT INTO  CIUDAD ( ID, NOMBRE, DEPARTAMENTO_ID) VALUES (25245,'EL COLEGIO',12);
INSERT INTO  CIUDAD ( ID, NOMBRE, DEPARTAMENTO_ID) VALUES (25258,'EL PENON',12);
INSERT INTO  CIUDAD ( ID, NOMBRE, DEPARTAMENTO_ID) VALUES (25260,'EL ROSAL',12);
INSERT INTO  CIUDAD ( ID, NOMBRE, DEPARTAMENTO_ID) VALUES (25269,'FACATATIVA',12);
INSERT INTO  CIUDAD ( ID, NOMBRE, DEPARTAMENTO_ID) VALUES (25279,'FOMEQUE',12);
INSERT INTO  CIUDAD ( ID, NOMBRE, DEPARTAMENTO_ID) VALUES (25281,'FOSCA',12);
INSERT INTO  CIUDAD ( ID, NOMBRE, DEPARTAMENTO_ID) VALUES (25286,'FUNZA',12);
INSERT INTO  CIUDAD ( ID, NOMBRE, DEPARTAMENTO_ID) VALUES (25288,'FUQUENE',12);
INSERT INTO  CIUDAD ( ID, NOMBRE, DEPARTAMENTO_ID) VALUES (25290,'FUSAGASUGA',12);
INSERT INTO  CIUDAD ( ID, NOMBRE, DEPARTAMENTO_ID) VALUES (25293,'GACHALA',12);
INSERT INTO  CIUDAD ( ID, NOMBRE, DEPARTAMENTO_ID) VALUES (25295,'GACHANCIPA',12);
INSERT INTO  CIUDAD ( ID, NOMBRE, DEPARTAMENTO_ID) VALUES (25297,'GACHETA',12);
INSERT INTO  CIUDAD ( ID, NOMBRE, DEPARTAMENTO_ID) VALUES (25299,'GAMA',12);
INSERT INTO  CIUDAD ( ID, NOMBRE, DEPARTAMENTO_ID) VALUES (25307,'GIRARDOT',12);
INSERT INTO  CIUDAD ( ID, NOMBRE, DEPARTAMENTO_ID) VALUES (25172,'GRANADA',12);
INSERT INTO  CIUDAD ( ID, NOMBRE, DEPARTAMENTO_ID) VALUES (25177,'GUACHETA',12);
INSERT INTO  CIUDAD ( ID, NOMBRE, DEPARTAMENTO_ID) VALUES (25320,'GUADUAS',12);
INSERT INTO  CIUDAD ( ID, NOMBRE, DEPARTAMENTO_ID) VALUES (25322,'GUASCA',12);
INSERT INTO  CIUDAD ( ID, NOMBRE, DEPARTAMENTO_ID) VALUES (25324,'GUATAQUI',12);
INSERT INTO  CIUDAD ( ID, NOMBRE, DEPARTAMENTO_ID) VALUES (25326,'GUATAVITA',12);
INSERT INTO  CIUDAD ( ID, NOMBRE, DEPARTAMENTO_ID) VALUES (25328,'GUAYABAL DE SIQUIMA',12);
INSERT INTO  CIUDAD ( ID, NOMBRE, DEPARTAMENTO_ID) VALUES (25335,'GUAYABETAL',12);
INSERT INTO  CIUDAD ( ID, NOMBRE, DEPARTAMENTO_ID) VALUES (25339,'GUTIERREZ',12);
INSERT INTO  CIUDAD ( ID, NOMBRE, DEPARTAMENTO_ID) VALUES (25368,'JERUSALEN',12);
INSERT INTO  CIUDAD ( ID, NOMBRE, DEPARTAMENTO_ID) VALUES (25372,'JUNIN',12);
INSERT INTO  CIUDAD ( ID, NOMBRE, DEPARTAMENTO_ID) VALUES (25377,'LA CALERA',12);
INSERT INTO  CIUDAD ( ID, NOMBRE, DEPARTAMENTO_ID) VALUES (25386,'LA MESA',12);
INSERT INTO  CIUDAD ( ID, NOMBRE, DEPARTAMENTO_ID) VALUES (25394,'LA PALMA',12);
INSERT INTO  CIUDAD ( ID, NOMBRE, DEPARTAMENTO_ID) VALUES (25398,'LA PENA',12);
INSERT INTO  CIUDAD ( ID, NOMBRE, DEPARTAMENTO_ID) VALUES (25402,'LA VEGA',12);
INSERT INTO  CIUDAD ( ID, NOMBRE, DEPARTAMENTO_ID) VALUES (25407,'LENGUAZAQUE',12);
INSERT INTO  CIUDAD ( ID, NOMBRE, DEPARTAMENTO_ID) VALUES (25426,'MACHETA',12);
INSERT INTO  CIUDAD ( ID, NOMBRE, DEPARTAMENTO_ID) VALUES (25430,'MADRID',12);
INSERT INTO  CIUDAD ( ID, NOMBRE, DEPARTAMENTO_ID) VALUES (25436,'MANTA',12);
INSERT INTO  CIUDAD ( ID, NOMBRE, DEPARTAMENTO_ID) VALUES (25438,'MEDINA',12);
INSERT INTO  CIUDAD ( ID, NOMBRE, DEPARTAMENTO_ID) VALUES (25473,'MOSQUERA',12);
INSERT INTO  CIUDAD ( ID, NOMBRE, DEPARTAMENTO_ID) VALUES (25483,'21',12);
INSERT INTO  CIUDAD ( ID, NOMBRE, DEPARTAMENTO_ID) VALUES (25486,'NEMOCON',12);
INSERT INTO  CIUDAD ( ID, NOMBRE, DEPARTAMENTO_ID) VALUES (25488,'NILO',12);
INSERT INTO  CIUDAD ( ID, NOMBRE, DEPARTAMENTO_ID) VALUES (25489,'NIMAIMA',12);
INSERT INTO  CIUDAD ( ID, NOMBRE, DEPARTAMENTO_ID) VALUES (25491,'NOCAIMA',12);
INSERT INTO  CIUDAD ( ID, NOMBRE, DEPARTAMENTO_ID) VALUES (25506,'OSPINA PEREZ (VENECIA)',12);
INSERT INTO  CIUDAD ( ID, NOMBRE, DEPARTAMENTO_ID) VALUES (25513,'PACHO',12);
INSERT INTO  CIUDAD ( ID, NOMBRE, DEPARTAMENTO_ID) VALUES (25518,'PAIME',12);
INSERT INTO  CIUDAD ( ID, NOMBRE, DEPARTAMENTO_ID) VALUES (25524,'PANDI',12);
INSERT INTO  CIUDAD ( ID, NOMBRE, DEPARTAMENTO_ID) VALUES (25530,'PARATEBUENO',12);
INSERT INTO  CIUDAD ( ID, NOMBRE, DEPARTAMENTO_ID) VALUES (25535,'PASCA',12);
INSERT INTO  CIUDAD ( ID, NOMBRE, DEPARTAMENTO_ID) VALUES (25572,'PUERTO SALGAR',12);
INSERT INTO  CIUDAD ( ID, NOMBRE, DEPARTAMENTO_ID) VALUES (25580,'PULI',12);
INSERT INTO  CIUDAD ( ID, NOMBRE, DEPARTAMENTO_ID) VALUES (25592,'QUEBRADANEGRA',12);
INSERT INTO  CIUDAD ( ID, NOMBRE, DEPARTAMENTO_ID) VALUES (25594,'QUETAME',12);
INSERT INTO  CIUDAD ( ID, NOMBRE, DEPARTAMENTO_ID) VALUES (25596,'QUIPILE',12);
INSERT INTO  CIUDAD ( ID, NOMBRE, DEPARTAMENTO_ID) VALUES (25599,'RAFAEL REYES (APULO)',12);
INSERT INTO  CIUDAD ( ID, NOMBRE, DEPARTAMENTO_ID) VALUES (25612,'RICAURTE',12);
INSERT INTO  CIUDAD ( ID, NOMBRE, DEPARTAMENTO_ID) VALUES (25645,'SAN ANTONIO DE TENA',12);
INSERT INTO  CIUDAD ( ID, NOMBRE, DEPARTAMENTO_ID) VALUES (25649,'SAN FERNANDO',12);
INSERT INTO  CIUDAD ( ID, NOMBRE, DEPARTAMENTO_ID) VALUES (25653,'SAN CAYETANO',12);
INSERT INTO  CIUDAD ( ID, NOMBRE, DEPARTAMENTO_ID) VALUES (25658,'SAN FRANCISCO',12);
INSERT INTO  CIUDAD ( ID, NOMBRE, DEPARTAMENTO_ID) VALUES (25662,'SAN JUAN DE RIOSECO',12);
INSERT INTO  CIUDAD ( ID, NOMBRE, DEPARTAMENTO_ID) VALUES (25718,'SASAIMA',12);
INSERT INTO  CIUDAD ( ID, NOMBRE, DEPARTAMENTO_ID) VALUES (25736,'SESQUILE',12);
INSERT INTO  CIUDAD ( ID, NOMBRE, DEPARTAMENTO_ID) VALUES (25740,'SIBATE',12);
INSERT INTO  CIUDAD ( ID, NOMBRE, DEPARTAMENTO_ID) VALUES (25743,'SILVANIA',12);
INSERT INTO  CIUDAD ( ID, NOMBRE, DEPARTAMENTO_ID) VALUES (25745,'SIMIJACA',12);
INSERT INTO  CIUDAD ( ID, NOMBRE, DEPARTAMENTO_ID) VALUES (25754,'SOACHA',12);
INSERT INTO  CIUDAD ( ID, NOMBRE, DEPARTAMENTO_ID) VALUES (25758,'SOPO',12);
INSERT INTO  CIUDAD ( ID, NOMBRE, DEPARTAMENTO_ID) VALUES (25769,'SUBACHOQUE',12);
INSERT INTO  CIUDAD ( ID, NOMBRE, DEPARTAMENTO_ID) VALUES (25772,'SUESCA',12);
INSERT INTO  CIUDAD ( ID, NOMBRE, DEPARTAMENTO_ID) VALUES (25777,'SUPATA',12);
INSERT INTO  CIUDAD ( ID, NOMBRE, DEPARTAMENTO_ID) VALUES (25779,'SUSA',12);
INSERT INTO  CIUDAD ( ID, NOMBRE, DEPARTAMENTO_ID) VALUES (25781,'SUTATAUSA',12);
INSERT INTO  CIUDAD ( ID, NOMBRE, DEPARTAMENTO_ID) VALUES (25785,'TABIO',12);
INSERT INTO  CIUDAD ( ID, NOMBRE, DEPARTAMENTO_ID) VALUES (25793,'TAUSA',12);
INSERT INTO  CIUDAD ( ID, NOMBRE, DEPARTAMENTO_ID) VALUES (25797,'TENA',12);
INSERT INTO  CIUDAD ( ID, NOMBRE, DEPARTAMENTO_ID) VALUES (25798,'TEUSAQUILLO',12);
INSERT INTO  CIUDAD ( ID, NOMBRE, DEPARTAMENTO_ID) VALUES (25799,'TENJO',12);
INSERT INTO  CIUDAD ( ID, NOMBRE, DEPARTAMENTO_ID) VALUES (25805,'TIBACUY',12);
INSERT INTO  CIUDAD ( ID, NOMBRE, DEPARTAMENTO_ID) VALUES (25807,'TIBIRITA',12);
INSERT INTO  CIUDAD ( ID, NOMBRE, DEPARTAMENTO_ID) VALUES (25815,'TOCAIMA',12);
INSERT INTO  CIUDAD ( ID, NOMBRE, DEPARTAMENTO_ID) VALUES (25817,'TOCANCIPA',12);
INSERT INTO  CIUDAD ( ID, NOMBRE, DEPARTAMENTO_ID) VALUES (25823,'TOPAIPI',12);
INSERT INTO  CIUDAD ( ID, NOMBRE, DEPARTAMENTO_ID) VALUES (25839,'UBALA',12);
INSERT INTO  CIUDAD ( ID, NOMBRE, DEPARTAMENTO_ID) VALUES (25841,'UBAQUE',12);
INSERT INTO  CIUDAD ( ID, NOMBRE, DEPARTAMENTO_ID) VALUES (25843,'UBATE',12);
INSERT INTO  CIUDAD ( ID, NOMBRE, DEPARTAMENTO_ID) VALUES (25845,'UNE',12);
INSERT INTO  CIUDAD ( ID, NOMBRE, DEPARTAMENTO_ID) VALUES (25851,'UTICA',12);
INSERT INTO  CIUDAD ( ID, NOMBRE, DEPARTAMENTO_ID) VALUES (25862,'VERGARA',12);
INSERT INTO  CIUDAD ( ID, NOMBRE, DEPARTAMENTO_ID) VALUES (25867,'VIANI',12);
INSERT INTO  CIUDAD ( ID, NOMBRE, DEPARTAMENTO_ID) VALUES (25871,'VILLAGOMEZ',12);
INSERT INTO  CIUDAD ( ID, NOMBRE, DEPARTAMENTO_ID) VALUES (25873,'VILLAPINZON',12);
INSERT INTO  CIUDAD ( ID, NOMBRE, DEPARTAMENTO_ID) VALUES (25875,'VILLETA',12);
INSERT INTO  CIUDAD ( ID, NOMBRE, DEPARTAMENTO_ID) VALUES (25878,'VIOTA',12);
INSERT INTO  CIUDAD ( ID, NOMBRE, DEPARTAMENTO_ID) VALUES (25885,'YACOPI',12);
INSERT INTO  CIUDAD ( ID, NOMBRE, DEPARTAMENTO_ID) VALUES (25896,'ZIPACON',12);
INSERT INTO  CIUDAD ( ID, NOMBRE, DEPARTAMENTO_ID) VALUES (25898,'ZIPACON',12);
INSERT INTO  CIUDAD ( ID, NOMBRE, DEPARTAMENTO_ID) VALUES (25899,'ZIPAQUIRA',12);
INSERT INTO  CIUDAD ( ID, NOMBRE, DEPARTAMENTO_ID) VALUES (25986,'USME',12);
INSERT INTO  CIUDAD ( ID, NOMBRE, DEPARTAMENTO_ID) VALUES (25987,'EL ROSAL',12);
INSERT INTO  CIUDAD ( ID, NOMBRE, DEPARTAMENTO_ID) VALUES (25988,'PUENTE QUETAME',12);
INSERT INTO  CIUDAD ( ID, NOMBRE, DEPARTAMENTO_ID) VALUES (25989,'FONTIBON',12);
INSERT INTO  CIUDAD ( ID, NOMBRE, DEPARTAMENTO_ID) VALUES (25990,'FLORIDA',12);
INSERT INTO  CIUDAD ( ID, NOMBRE, DEPARTAMENTO_ID) VALUES (25991,'ENGATIVA',12);
INSERT INTO  CIUDAD ( ID, NOMBRE, DEPARTAMENTO_ID) VALUES (25992,'CUMACA',12);
INSERT INTO  CIUDAD ( ID, NOMBRE, DEPARTAMENTO_ID) VALUES (25993,'CHUSACA',12);
INSERT INTO  CIUDAD ( ID, NOMBRE, DEPARTAMENTO_ID) VALUES (25994,'CHINAUTA',12);
INSERT INTO  CIUDAD ( ID, NOMBRE, DEPARTAMENTO_ID) VALUES (25995,'CARTAGENITA',12);
INSERT INTO  CIUDAD ( ID, NOMBRE, DEPARTAMENTO_ID) VALUES (25996,'CAMBAO',12);
INSERT INTO  CIUDAD ( ID, NOMBRE, DEPARTAMENTO_ID) VALUES (25997,'BRICEÑO',12);
INSERT INTO  CIUDAD ( ID, NOMBRE, DEPARTAMENTO_ID) VALUES (25998,'BOSA',12);
INSERT INTO  CIUDAD ( ID, NOMBRE, DEPARTAMENTO_ID) VALUES (25999,'BOGOTA',12);
INSERT INTO  CIUDAD ( ID, NOMBRE, DEPARTAMENTO_ID) VALUES (27001,'QUIBDO',13);
INSERT INTO  CIUDAD ( ID, NOMBRE, DEPARTAMENTO_ID) VALUES (27006,'ACANDI',13);
INSERT INTO  CIUDAD ( ID, NOMBRE, DEPARTAMENTO_ID) VALUES (27025,'ALTO BAUDO (PIE DE PATO)',13);
INSERT INTO  CIUDAD ( ID, NOMBRE, DEPARTAMENTO_ID) VALUES (27050,'ATRATO',13);
INSERT INTO  CIUDAD ( ID, NOMBRE, DEPARTAMENTO_ID) VALUES (27073,'BAGADO',13);
INSERT INTO  CIUDAD ( ID, NOMBRE, DEPARTAMENTO_ID) VALUES (27075,'BAHIA SOLANO',13);
INSERT INTO  CIUDAD ( ID, NOMBRE, DEPARTAMENTO_ID) VALUES (27077,'BAJO BAUDO (PIZARRO)',13);
INSERT INTO  CIUDAD ( ID, NOMBRE, DEPARTAMENTO_ID) VALUES (27082,'BAJO SAN JUAN',13);
INSERT INTO  CIUDAD ( ID, NOMBRE, DEPARTAMENTO_ID) VALUES (27086,'BELEN DE BAJIRA',13);
INSERT INTO  CIUDAD ( ID, NOMBRE, DEPARTAMENTO_ID) VALUES (27099,'BOJAYA (BELLAVISTA)',13);
INSERT INTO  CIUDAD ( ID, NOMBRE, DEPARTAMENTO_ID) VALUES (27135,'CANTON DE SAN PABLO',13);
INSERT INTO  CIUDAD ( ID, NOMBRE, DEPARTAMENTO_ID) VALUES (27150,'CARMEN DEL DARIEN',13);
INSERT INTO  CIUDAD ( ID, NOMBRE, DEPARTAMENTO_ID) VALUES (27160,'CERTEGUI',13);
INSERT INTO  CIUDAD ( ID, NOMBRE, DEPARTAMENTO_ID) VALUES (27205,'CONDOTO',13);
INSERT INTO  CIUDAD ( ID, NOMBRE, DEPARTAMENTO_ID) VALUES (27245,'EL CARMEN',13);
INSERT INTO  CIUDAD ( ID, NOMBRE, DEPARTAMENTO_ID) VALUES (27250,'EL LITORAL DEL SAN JUAN',13);
INSERT INTO  CIUDAD ( ID, NOMBRE, DEPARTAMENTO_ID) VALUES (27361,'ISTMINA',13);
INSERT INTO  CIUDAD ( ID, NOMBRE, DEPARTAMENTO_ID) VALUES (27372,'JURADO',13);
INSERT INTO  CIUDAD ( ID, NOMBRE, DEPARTAMENTO_ID) VALUES (27413,'LLORO',13);
INSERT INTO  CIUDAD ( ID, NOMBRE, DEPARTAMENTO_ID) VALUES (27425,'MEDIO ATRATO',13);
INSERT INTO  CIUDAD ( ID, NOMBRE, DEPARTAMENTO_ID) VALUES (27430,'MEDIO BAUDO',13);
INSERT INTO  CIUDAD ( ID, NOMBRE, DEPARTAMENTO_ID) VALUES (27450,'MEDIO SAN JUAN',13);
INSERT INTO  CIUDAD ( ID, NOMBRE, DEPARTAMENTO_ID) VALUES (27491,'NOVITA',13);
INSERT INTO  CIUDAD ( ID, NOMBRE, DEPARTAMENTO_ID) VALUES (27495,'NUQUI',13);
INSERT INTO  CIUDAD ( ID, NOMBRE, DEPARTAMENTO_ID) VALUES (27580,'RIO IRO',13);
INSERT INTO  CIUDAD ( ID, NOMBRE, DEPARTAMENTO_ID) VALUES (27600,'RIO QUITO',13);
INSERT INTO  CIUDAD ( ID, NOMBRE, DEPARTAMENTO_ID) VALUES (27615,'RIOSUCIO',13);
INSERT INTO  CIUDAD ( ID, NOMBRE, DEPARTAMENTO_ID) VALUES (27660,'SAN JOSE DEL PALMAR',13);
INSERT INTO  CIUDAD ( ID, NOMBRE, DEPARTAMENTO_ID) VALUES (27745,'SIPI',13);
INSERT INTO  CIUDAD ( ID, NOMBRE, DEPARTAMENTO_ID) VALUES (27787,'TADO',13);
INSERT INTO  CIUDAD ( ID, NOMBRE, DEPARTAMENTO_ID) VALUES (27800,'UNGUIA',13);
INSERT INTO  CIUDAD ( ID, NOMBRE, DEPARTAMENTO_ID) VALUES (27810,'UNION PANOMBRERICANA',13);
INSERT INTO  CIUDAD ( ID, NOMBRE, DEPARTAMENTO_ID) VALUES (27999,'BAHIA SOLANO ',13);
INSERT INTO  CIUDAD ( ID, NOMBRE, DEPARTAMENTO_ID) VALUES (41001,'NEIVA',18);
INSERT INTO  CIUDAD ( ID, NOMBRE, DEPARTAMENTO_ID) VALUES (41006,'ACEVEDO',18);
INSERT INTO  CIUDAD ( ID, NOMBRE, DEPARTAMENTO_ID) VALUES (41013,'AGRADO',18);
INSERT INTO  CIUDAD ( ID, NOMBRE, DEPARTAMENTO_ID) VALUES (41016,'AIPE',18);
INSERT INTO  CIUDAD ( ID, NOMBRE, DEPARTAMENTO_ID) VALUES (41020,'ALGECIRAS',18);
INSERT INTO  CIUDAD ( ID, NOMBRE, DEPARTAMENTO_ID) VALUES (41026,'ALTAMIRA',18);
INSERT INTO  CIUDAD ( ID, NOMBRE, DEPARTAMENTO_ID) VALUES (41078,'BARAYA',18);
INSERT INTO  CIUDAD ( ID, NOMBRE, DEPARTAMENTO_ID) VALUES (41132,'CAMPOALEGRE',18);
INSERT INTO  CIUDAD ( ID, NOMBRE, DEPARTAMENTO_ID) VALUES (41206,'COLOMBIA',18);
INSERT INTO  CIUDAD ( ID, NOMBRE, DEPARTAMENTO_ID) VALUES (41244,'ELIAS',18);
INSERT INTO  CIUDAD ( ID, NOMBRE, DEPARTAMENTO_ID) VALUES (41298,'GARZON',18);
INSERT INTO  CIUDAD ( ID, NOMBRE, DEPARTAMENTO_ID) VALUES (41306,'GIGANTE',18);
INSERT INTO  CIUDAD ( ID, NOMBRE, DEPARTAMENTO_ID) VALUES (41179,'GUADALUPE',18);
INSERT INTO  CIUDAD ( ID, NOMBRE, DEPARTAMENTO_ID) VALUES (41349,'HOBO',18);
INSERT INTO  CIUDAD ( ID, NOMBRE, DEPARTAMENTO_ID) VALUES (41357,'IQUIRA',18);
INSERT INTO  CIUDAD ( ID, NOMBRE, DEPARTAMENTO_ID) VALUES (41359,'ISNOS',18);
INSERT INTO  CIUDAD ( ID, NOMBRE, DEPARTAMENTO_ID) VALUES (41378,'LA ARGENTINA (PLATA VIEJA)',18);
INSERT INTO  CIUDAD ( ID, NOMBRE, DEPARTAMENTO_ID) VALUES (41396,'LA PLATA',18);
INSERT INTO  CIUDAD ( ID, NOMBRE, DEPARTAMENTO_ID) VALUES (41483,'NATAGA',18);
INSERT INTO  CIUDAD ( ID, NOMBRE, DEPARTAMENTO_ID) VALUES (41503,'OPORAPA',18);
INSERT INTO  CIUDAD ( ID, NOMBRE, DEPARTAMENTO_ID) VALUES (41518,'PAICOL',18);
INSERT INTO  CIUDAD ( ID, NOMBRE, DEPARTAMENTO_ID) VALUES (41524,'PALERMO',18);
INSERT INTO  CIUDAD ( ID, NOMBRE, DEPARTAMENTO_ID) VALUES (41530,'PALESTINA',18);
INSERT INTO  CIUDAD ( ID, NOMBRE, DEPARTAMENTO_ID) VALUES (41548,'PITAL',18);
INSERT INTO  CIUDAD ( ID, NOMBRE, DEPARTAMENTO_ID) VALUES (41551,'PITALITO',18);
INSERT INTO  CIUDAD ( ID, NOMBRE, DEPARTAMENTO_ID) VALUES (41615,'RIVERA',18);
INSERT INTO  CIUDAD ( ID, NOMBRE, DEPARTAMENTO_ID) VALUES (41660,'SALADOBLANCO',18);
INSERT INTO  CIUDAD ( ID, NOMBRE, DEPARTAMENTO_ID) VALUES (41668,'SAN AGUSTIN',18);
INSERT INTO  CIUDAD ( ID, NOMBRE, DEPARTAMENTO_ID) VALUES (41676,'SANTA MARIA',18);
INSERT INTO  CIUDAD ( ID, NOMBRE, DEPARTAMENTO_ID) VALUES (41770,'SUAZA',18);
INSERT INTO  CIUDAD ( ID, NOMBRE, DEPARTAMENTO_ID) VALUES (41791,'TARQUI',18);
INSERT INTO  CIUDAD ( ID, NOMBRE, DEPARTAMENTO_ID) VALUES (41797,'TESALIA',18);
INSERT INTO  CIUDAD ( ID, NOMBRE, DEPARTAMENTO_ID) VALUES (41799,'TELLO',18);
INSERT INTO  CIUDAD ( ID, NOMBRE, DEPARTAMENTO_ID) VALUES (41801,'TERUEL',18);
INSERT INTO  CIUDAD ( ID, NOMBRE, DEPARTAMENTO_ID) VALUES (41807,'TIMANA',18);
INSERT INTO  CIUDAD ( ID, NOMBRE, DEPARTAMENTO_ID) VALUES (41872,'VILLAVIEJA',18);
INSERT INTO  CIUDAD ( ID, NOMBRE, DEPARTAMENTO_ID) VALUES (41885,'YAGUARA',18);
INSERT INTO  CIUDAD ( ID, NOMBRE, DEPARTAMENTO_ID) VALUES (41991,'VEGA LARGA',18);
INSERT INTO  CIUDAD ( ID, NOMBRE, DEPARTAMENTO_ID) VALUES (41996,'LA JAGUA',18);
INSERT INTO  CIUDAD ( ID, NOMBRE, DEPARTAMENTO_ID) VALUES (41997,'FORTALECILLAS',18);
INSERT INTO  CIUDAD ( ID, NOMBRE, DEPARTAMENTO_ID) VALUES (41998,'EL JUNCAL',18);
INSERT INTO  CIUDAD ( ID, NOMBRE, DEPARTAMENTO_ID) VALUES (41999,'BETANIA',18);
INSERT INTO  CIUDAD ( ID, NOMBRE, DEPARTAMENTO_ID) VALUES (44001,'RIOHACHA',16);
INSERT INTO  CIUDAD ( ID, NOMBRE, DEPARTAMENTO_ID) VALUES (44010,'ALBANIA',16);
INSERT INTO  CIUDAD ( ID, NOMBRE, DEPARTAMENTO_ID) VALUES (44035,'ALBANIA',16);
INSERT INTO  CIUDAD ( ID, NOMBRE, DEPARTAMENTO_ID) VALUES (44078,'BARRANCAS',16);
INSERT INTO  CIUDAD ( ID, NOMBRE, DEPARTAMENTO_ID) VALUES (44090,'DIBULLA',16);
INSERT INTO  CIUDAD ( ID, NOMBRE, DEPARTAMENTO_ID) VALUES (44098,'DISTRACCION',16);
INSERT INTO  CIUDAD ( ID, NOMBRE, DEPARTAMENTO_ID) VALUES (44110,'EL MOLINO',16);
INSERT INTO  CIUDAD ( ID, NOMBRE, DEPARTAMENTO_ID) VALUES (44279,'FONSECA',16);
INSERT INTO  CIUDAD ( ID, NOMBRE, DEPARTAMENTO_ID) VALUES (44378,'HATONUEVO',16);
INSERT INTO  CIUDAD ( ID, NOMBRE, DEPARTAMENTO_ID) VALUES (44420,'LA JAGUA DEL PILAR',16);
INSERT INTO  CIUDAD ( ID, NOMBRE, DEPARTAMENTO_ID) VALUES (44430,'MAICAO',16);
INSERT INTO  CIUDAD ( ID, NOMBRE, DEPARTAMENTO_ID) VALUES (44560,'MANAURE',16);
INSERT INTO  CIUDAD ( ID, NOMBRE, DEPARTAMENTO_ID) VALUES (44650,'SAN JUAN DEL CESAR',16);
INSERT INTO  CIUDAD ( ID, NOMBRE, DEPARTAMENTO_ID) VALUES (44847,'URIBIA',16);
INSERT INTO  CIUDAD ( ID, NOMBRE, DEPARTAMENTO_ID) VALUES (44855,'URUMITA',16);
INSERT INTO  CIUDAD ( ID, NOMBRE, DEPARTAMENTO_ID) VALUES (44874,'VILLANUEVA',16);
INSERT INTO  CIUDAD ( ID, NOMBRE, DEPARTAMENTO_ID) VALUES (44908,'CUESTESITA',16);
INSERT INTO  CIUDAD ( ID, NOMBRE, DEPARTAMENTO_ID) VALUES (44989,'PAPAYAL',16);
INSERT INTO  CIUDAD ( ID, NOMBRE, DEPARTAMENTO_ID) VALUES (44990,'PALOMINO',16);
INSERT INTO  CIUDAD ( ID, NOMBRE, DEPARTAMENTO_ID) VALUES (44991,'PUERTO BOLIVAR',16);
INSERT INTO  CIUDAD ( ID, NOMBRE, DEPARTAMENTO_ID) VALUES (44992,'LOS PONDORES',16);
INSERT INTO  CIUDAD ( ID, NOMBRE, DEPARTAMENTO_ID) VALUES (44993,'LA PEÑA',16);
INSERT INTO  CIUDAD ( ID, NOMBRE, DEPARTAMENTO_ID) VALUES (44994,'LA JUNTA',16);
INSERT INTO  CIUDAD ( ID, NOMBRE, DEPARTAMENTO_ID) VALUES (44995,'JAGUA DEL PILAR',16);
INSERT INTO  CIUDAD ( ID, NOMBRE, DEPARTAMENTO_ID) VALUES (44996,'GALAN',16);
INSERT INTO  CIUDAD ( ID, NOMBRE, DEPARTAMENTO_ID) VALUES (44997,'COTOPRIX',16);
INSERT INTO  CIUDAD ( ID, NOMBRE, DEPARTAMENTO_ID) VALUES (44998,'CAMARONES',16);
INSERT INTO  CIUDAD ( ID, NOMBRE, DEPARTAMENTO_ID) VALUES (44999,'ALBANIA',16);
INSERT INTO  CIUDAD ( ID, NOMBRE, DEPARTAMENTO_ID) VALUES (47001,'SANTA MARTA',19);
INSERT INTO  CIUDAD ( ID, NOMBRE, DEPARTAMENTO_ID) VALUES (47030,'ALGARROBO',19);
INSERT INTO  CIUDAD ( ID, NOMBRE, DEPARTAMENTO_ID) VALUES (47053,'ARACATACA',19);
INSERT INTO  CIUDAD ( ID, NOMBRE, DEPARTAMENTO_ID) VALUES (47058,'ARIGUANI',19);
INSERT INTO  CIUDAD ( ID, NOMBRE, DEPARTAMENTO_ID) VALUES (47161,'CERRO DE SAN ANTONIO',19);
INSERT INTO  CIUDAD ( ID, NOMBRE, DEPARTAMENTO_ID) VALUES (47170,'CHIVOLO',19);
INSERT INTO  CIUDAD ( ID, NOMBRE, DEPARTAMENTO_ID) VALUES (47189,'CIENAGA',19);
INSERT INTO  CIUDAD ( ID, NOMBRE, DEPARTAMENTO_ID) VALUES (47205,'CONCORDIA',19);
INSERT INTO  CIUDAD ( ID, NOMBRE, DEPARTAMENTO_ID) VALUES (47245,'EL BANCO',19);
INSERT INTO  CIUDAD ( ID, NOMBRE, DEPARTAMENTO_ID) VALUES (47258,'EL PINON',19);
INSERT INTO  CIUDAD ( ID, NOMBRE, DEPARTAMENTO_ID) VALUES (47268,'EL RETEN',19);
INSERT INTO  CIUDAD ( ID, NOMBRE, DEPARTAMENTO_ID) VALUES (47288,'FUNDACION',19);
INSERT INTO  CIUDAD ( ID, NOMBRE, DEPARTAMENTO_ID) VALUES (47178,'GUAMAL',19);
INSERT INTO  CIUDAD ( ID, NOMBRE, DEPARTAMENTO_ID) VALUES (47460,'NUEVA GRANADA',19);
INSERT INTO  CIUDAD ( ID, NOMBRE, DEPARTAMENTO_ID) VALUES (47541,'PEDRAZA',19);
INSERT INTO  CIUDAD ( ID, NOMBRE, DEPARTAMENTO_ID) VALUES (47545,'PIJINO DEL CARMEN',19);
INSERT INTO  CIUDAD ( ID, NOMBRE, DEPARTAMENTO_ID) VALUES (47551,'PIVIJAY',19);
INSERT INTO  CIUDAD ( ID, NOMBRE, DEPARTAMENTO_ID) VALUES (47555,'PLATO',19);
INSERT INTO  CIUDAD ( ID, NOMBRE, DEPARTAMENTO_ID) VALUES (47570,'PUEBLO VIEJO',19);
INSERT INTO  CIUDAD ( ID, NOMBRE, DEPARTAMENTO_ID) VALUES (47605,'REMOLINO',19);
INSERT INTO  CIUDAD ( ID, NOMBRE, DEPARTAMENTO_ID) VALUES (47660,'SABANA DE SAN ANGEL',19);
INSERT INTO  CIUDAD ( ID, NOMBRE, DEPARTAMENTO_ID) VALUES (47675,'SALAMINA',19);
INSERT INTO  CIUDAD ( ID, NOMBRE, DEPARTAMENTO_ID) VALUES (47692,'SAN SEBASTIAN DE BUENAVISTA',19);
INSERT INTO  CIUDAD ( ID, NOMBRE, DEPARTAMENTO_ID) VALUES (47703,'SAN ZENON',19);
INSERT INTO  CIUDAD ( ID, NOMBRE, DEPARTAMENTO_ID) VALUES (47707,'SANTA ANA',19);
INSERT INTO  CIUDAD ( ID, NOMBRE, DEPARTAMENTO_ID) VALUES (47720,'SANTA BARBARA DE PINTO',19);
INSERT INTO  CIUDAD ( ID, NOMBRE, DEPARTAMENTO_ID) VALUES (47745,'SITIONUEVO',19);
INSERT INTO  CIUDAD ( ID, NOMBRE, DEPARTAMENTO_ID) VALUES (47798,'TENERIFE',19);
INSERT INTO  CIUDAD ( ID, NOMBRE, DEPARTAMENTO_ID) VALUES (47960,'ZAPAYAN',19);
INSERT INTO  CIUDAD ( ID, NOMBRE, DEPARTAMENTO_ID) VALUES (47980,'ZONA BANANERA',19);
INSERT INTO  CIUDAD ( ID, NOMBRE, DEPARTAMENTO_ID) VALUES (47991,'SEVILLA',19);
INSERT INTO  CIUDAD ( ID, NOMBRE, DEPARTAMENTO_ID) VALUES (47992,'SAN FERNANDO',19);
INSERT INTO  CIUDAD ( ID, NOMBRE, DEPARTAMENTO_ID) VALUES (47993,'RIOFRIO',19);
INSERT INTO  CIUDAD ( ID, NOMBRE, DEPARTAMENTO_ID) VALUES (47994,'PUEBLO NUEVO',19);
INSERT INTO  CIUDAD ( ID, NOMBRE, DEPARTAMENTO_ID) VALUES (47995,'ORIHUECA',19);
INSERT INTO  CIUDAD ( ID, NOMBRE, DEPARTAMENTO_ID) VALUES (47996,'MAMATOCO',19);
INSERT INTO  CIUDAD ( ID, NOMBRE, DEPARTAMENTO_ID) VALUES (47997,'GAIRA',19);
INSERT INTO  CIUDAD ( ID, NOMBRE, DEPARTAMENTO_ID) VALUES (47998,'FLORIDA',19);
INSERT INTO  CIUDAD ( ID, NOMBRE, DEPARTAMENTO_ID) VALUES (47999,'BONDA',19);
INSERT INTO  CIUDAD ( ID, NOMBRE, DEPARTAMENTO_ID) VALUES (50001,'VILLAVICENCIO',20);
INSERT INTO  CIUDAD ( ID, NOMBRE, DEPARTAMENTO_ID) VALUES (50006,'ACACIAS',20);
INSERT INTO  CIUDAD ( ID, NOMBRE, DEPARTAMENTO_ID) VALUES (50110,'BARRANCA DE UPIA',20);
INSERT INTO  CIUDAD ( ID, NOMBRE, DEPARTAMENTO_ID) VALUES (50124,'CABUYARO',20);
INSERT INTO  CIUDAD ( ID, NOMBRE, DEPARTAMENTO_ID) VALUES (50150,'CASTILLA LA NUEVA',20);
INSERT INTO  CIUDAD ( ID, NOMBRE, DEPARTAMENTO_ID) VALUES (50223,'SAN LUIS DE CUBARRAL',20);
INSERT INTO  CIUDAD ( ID, NOMBRE, DEPARTAMENTO_ID) VALUES (50226,'CUMARAL',20);
INSERT INTO  CIUDAD ( ID, NOMBRE, DEPARTAMENTO_ID) VALUES (50245,'EL CALVARIO',20);
INSERT INTO  CIUDAD ( ID, NOMBRE, DEPARTAMENTO_ID) VALUES (50251,'EL CASTILLO',20);
INSERT INTO  CIUDAD ( ID, NOMBRE, DEPARTAMENTO_ID) VALUES (50270,'EL DORADO',20);
INSERT INTO  CIUDAD ( ID, NOMBRE, DEPARTAMENTO_ID) VALUES (50287,'FUENTE DE ORO',20);
INSERT INTO  CIUDAD ( ID, NOMBRE, DEPARTAMENTO_ID) VALUES (50173,'GRANADA',20);
INSERT INTO  CIUDAD ( ID, NOMBRE, DEPARTAMENTO_ID) VALUES (50178,'GUAMAL',20);
INSERT INTO  CIUDAD ( ID, NOMBRE, DEPARTAMENTO_ID) VALUES (50325,'MAPIRIPAN',20);
INSERT INTO  CIUDAD ( ID, NOMBRE, DEPARTAMENTO_ID) VALUES (50330,'MESETAS',20);
INSERT INTO  CIUDAD ( ID, NOMBRE, DEPARTAMENTO_ID) VALUES (50350,'LA MACARENA',20);
INSERT INTO  CIUDAD ( ID, NOMBRE, DEPARTAMENTO_ID) VALUES (50370,'LA URIBE',20);
INSERT INTO  CIUDAD ( ID, NOMBRE, DEPARTAMENTO_ID) VALUES (50400,'LEJANIAS',20);
INSERT INTO  CIUDAD ( ID, NOMBRE, DEPARTAMENTO_ID) VALUES (50438,'MEDINA',20);
INSERT INTO  CIUDAD ( ID, NOMBRE, DEPARTAMENTO_ID) VALUES (50450,'PUERTO CONCORDIA',20);
INSERT INTO  CIUDAD ( ID, NOMBRE, DEPARTAMENTO_ID) VALUES (50568,'PUERTO GAITAN',20);
INSERT INTO  CIUDAD ( ID, NOMBRE, DEPARTAMENTO_ID) VALUES (50573,'PUERTO LOPEZ',20);
INSERT INTO  CIUDAD ( ID, NOMBRE, DEPARTAMENTO_ID) VALUES (50577,'PUERTO LLERAS',20);
INSERT INTO  CIUDAD ( ID, NOMBRE, DEPARTAMENTO_ID) VALUES (50590,'PUERTO RICO',20);
INSERT INTO  CIUDAD ( ID, NOMBRE, DEPARTAMENTO_ID) VALUES (50606,'RESTREPO',20);
INSERT INTO  CIUDAD ( ID, NOMBRE, DEPARTAMENTO_ID) VALUES (50680,'SAN CARLOS DE GUAROA',20);
INSERT INTO  CIUDAD ( ID, NOMBRE, DEPARTAMENTO_ID) VALUES (50683,'SAN JUAN DE ARA',20);
INSERT INTO  CIUDAD ( ID, NOMBRE, DEPARTAMENTO_ID) VALUES (50686,'SAN JUANITO',20);
INSERT INTO  CIUDAD ( ID, NOMBRE, DEPARTAMENTO_ID) VALUES (50689,'SAN MARTIN',20);
INSERT INTO  CIUDAD ( ID, NOMBRE, DEPARTAMENTO_ID) VALUES (50711,'VISTA HERMOSA',20);
INSERT INTO  CIUDAD ( ID, NOMBRE, DEPARTAMENTO_ID) VALUES (50991,'MEDELLIN DEL ARIARI',20);
INSERT INTO  CIUDAD ( ID, NOMBRE, DEPARTAMENTO_ID) VALUES (50998,'SAN LORENZO',20);
INSERT INTO  CIUDAD ( ID, NOMBRE, DEPARTAMENTO_ID) VALUES (50999,'LA CUNCIA',20);
INSERT INTO  CIUDAD ( ID, NOMBRE, DEPARTAMENTO_ID) VALUES (52001,'PASTO',21);
INSERT INTO  CIUDAD ( ID, NOMBRE, DEPARTAMENTO_ID) VALUES (52019,'ALBAN (SAN JOSE)',21);
INSERT INTO  CIUDAD ( ID, NOMBRE, DEPARTAMENTO_ID) VALUES (52022,'ALDANA',21);
INSERT INTO  CIUDAD ( ID, NOMBRE, DEPARTAMENTO_ID) VALUES (52036,'ANCUYA',21);
INSERT INTO  CIUDAD ( ID, NOMBRE, DEPARTAMENTO_ID) VALUES (52051,'ARBOLEDA',21);
INSERT INTO  CIUDAD ( ID, NOMBRE, DEPARTAMENTO_ID) VALUES (52079,'BARBACOAS',21);
INSERT INTO  CIUDAD ( ID, NOMBRE, DEPARTAMENTO_ID) VALUES (52083,'BELEN',21);
INSERT INTO  CIUDAD ( ID, NOMBRE, DEPARTAMENTO_ID) VALUES (52110,'BUESACO',21);
INSERT INTO  CIUDAD ( ID, NOMBRE, DEPARTAMENTO_ID) VALUES (52203,'COLON (GENOVA)',21);
INSERT INTO  CIUDAD ( ID, NOMBRE, DEPARTAMENTO_ID) VALUES (52207,'CONSACA',21);
INSERT INTO  CIUDAD ( ID, NOMBRE, DEPARTAMENTO_ID) VALUES (52210,'CONTADERO',21);
INSERT INTO  CIUDAD ( ID, NOMBRE, DEPARTAMENTO_ID) VALUES (52215,'CORDOBA',21);
INSERT INTO  CIUDAD ( ID, NOMBRE, DEPARTAMENTO_ID) VALUES (52224,'GUASPUAL (CARLO-SAMA)',21);
INSERT INTO  CIUDAD ( ID, NOMBRE, DEPARTAMENTO_ID) VALUES (52227,'CUMBAL',21);
INSERT INTO  CIUDAD ( ID, NOMBRE, DEPARTAMENTO_ID) VALUES (52233,'CUMBITARA',21);
INSERT INTO  CIUDAD ( ID, NOMBRE, DEPARTAMENTO_ID) VALUES (52240,'CHACHAGUI',21);
INSERT INTO  CIUDAD ( ID, NOMBRE, DEPARTAMENTO_ID) VALUES (52250,'ISCUANDE (EL CHARCO)',21);
INSERT INTO  CIUDAD ( ID, NOMBRE, DEPARTAMENTO_ID) VALUES (52254,'EL PEÑOL',21);
INSERT INTO  CIUDAD ( ID, NOMBRE, DEPARTAMENTO_ID) VALUES (52256,'EL ROSARIO',21);
INSERT INTO  CIUDAD ( ID, NOMBRE, DEPARTAMENTO_ID) VALUES (52258,'EL TABLON',21);
INSERT INTO  CIUDAD ( ID, NOMBRE, DEPARTAMENTO_ID) VALUES (52260,'EL TAMBO',21);
INSERT INTO  CIUDAD ( ID, NOMBRE, DEPARTAMENTO_ID) VALUES (52287,'FUNES',21);
INSERT INTO  CIUDAD ( ID, NOMBRE, DEPARTAMENTO_ID) VALUES (52177,'GUACHUCAL',21);
INSERT INTO  CIUDAD ( ID, NOMBRE, DEPARTAMENTO_ID) VALUES (52320,'GUAITARILLA',21);
INSERT INTO  CIUDAD ( ID, NOMBRE, DEPARTAMENTO_ID) VALUES (52323,'GUALMATAN',21);
INSERT INTO  CIUDAD ( ID, NOMBRE, DEPARTAMENTO_ID) VALUES (52352,'ILES',21);
INSERT INTO  CIUDAD ( ID, NOMBRE, DEPARTAMENTO_ID) VALUES (52354,'IMUES',21);
INSERT INTO  CIUDAD ( ID, NOMBRE, DEPARTAMENTO_ID) VALUES (52356,'IPIALES',21);
INSERT INTO  CIUDAD ( ID, NOMBRE, DEPARTAMENTO_ID) VALUES (52378,'LA CRUZ',21);
INSERT INTO  CIUDAD ( ID, NOMBRE, DEPARTAMENTO_ID) VALUES (52381,'LA FLORIDA',21);
INSERT INTO  CIUDAD ( ID, NOMBRE, DEPARTAMENTO_ID) VALUES (52385,'LA LLANADA',21);
INSERT INTO  CIUDAD ( ID, NOMBRE, DEPARTAMENTO_ID) VALUES (52390,'LA TOLA',21);
INSERT INTO  CIUDAD ( ID, NOMBRE, DEPARTAMENTO_ID) VALUES (52399,'LA UNION',21);
INSERT INTO  CIUDAD ( ID, NOMBRE, DEPARTAMENTO_ID) VALUES (52405,'LEIVA',21);
INSERT INTO  CIUDAD ( ID, NOMBRE, DEPARTAMENTO_ID) VALUES (52411,'LINARES',21);
INSERT INTO  CIUDAD ( ID, NOMBRE, DEPARTAMENTO_ID) VALUES (52418,'LOS ANDES (SOTOMAYOR)',21);
INSERT INTO  CIUDAD ( ID, NOMBRE, DEPARTAMENTO_ID) VALUES (52427,'MAGUI (PAYAN-JULIO PLAZA)',21);
INSERT INTO  CIUDAD ( ID, NOMBRE, DEPARTAMENTO_ID) VALUES (52435,'MALLAMA (PIEDRANCHA)',21);
INSERT INTO  CIUDAD ( ID, NOMBRE, DEPARTAMENTO_ID) VALUES (52473,'MOSQUERA',21);
INSERT INTO  CIUDAD ( ID, NOMBRE, DEPARTAMENTO_ID) VALUES (52480,'NARIÑO',21);
INSERT INTO  CIUDAD ( ID, NOMBRE, DEPARTAMENTO_ID) VALUES (52490,'OLAYA HERRERA',21);
INSERT INTO  CIUDAD ( ID, NOMBRE, DEPARTAMENTO_ID) VALUES (52506,'OSPINA',21);
INSERT INTO  CIUDAD ( ID, NOMBRE, DEPARTAMENTO_ID) VALUES (52520,'PIZARRO',21);
INSERT INTO  CIUDAD ( ID, NOMBRE, DEPARTAMENTO_ID) VALUES (52540,'POLICARPA',21);
INSERT INTO  CIUDAD ( ID, NOMBRE, DEPARTAMENTO_ID) VALUES (52560,'POTOSI',21);
INSERT INTO  CIUDAD ( ID, NOMBRE, DEPARTAMENTO_ID) VALUES (52565,'PROVIDENCIA',21);
INSERT INTO  CIUDAD ( ID, NOMBRE, DEPARTAMENTO_ID) VALUES (52573,'PUERRES',21);
INSERT INTO  CIUDAD ( ID, NOMBRE, DEPARTAMENTO_ID) VALUES (52585,'PUPIALES',21);
INSERT INTO  CIUDAD ( ID, NOMBRE, DEPARTAMENTO_ID) VALUES (52612,'RICAURTE',21);
INSERT INTO  CIUDAD ( ID, NOMBRE, DEPARTAMENTO_ID) VALUES (52621,'ROBERTO PAYAN',21);
INSERT INTO  CIUDAD ( ID, NOMBRE, DEPARTAMENTO_ID) VALUES (52678,'SAMANIEGO',21);
INSERT INTO  CIUDAD ( ID, NOMBRE, DEPARTAMENTO_ID) VALUES (52683,'SANDONA',21);
INSERT INTO  CIUDAD ( ID, NOMBRE, DEPARTAMENTO_ID) VALUES (52685,'SAN BERNARDO',21);
INSERT INTO  CIUDAD ( ID, NOMBRE, DEPARTAMENTO_ID) VALUES (52687,'SAN LORENZO',21);
INSERT INTO  CIUDAD ( ID, NOMBRE, DEPARTAMENTO_ID) VALUES (52693,'SAN PABLO',21);
INSERT INTO  CIUDAD ( ID, NOMBRE, DEPARTAMENTO_ID) VALUES (52694,'SAN PEDRO DE CARTAGO',21);
INSERT INTO  CIUDAD ( ID, NOMBRE, DEPARTAMENTO_ID) VALUES (52696,'SANTA BARBARA',21);
INSERT INTO  CIUDAD ( ID, NOMBRE, DEPARTAMENTO_ID) VALUES (52699,'SANTA CRUZ (GUACHAVES)',21);
INSERT INTO  CIUDAD ( ID, NOMBRE, DEPARTAMENTO_ID) VALUES (52720,'SAPUYES',21);
INSERT INTO  CIUDAD ( ID, NOMBRE, DEPARTAMENTO_ID) VALUES (52786,'TAMINANGO',21);
INSERT INTO  CIUDAD ( ID, NOMBRE, DEPARTAMENTO_ID) VALUES (52788,'TANGUA',21);
INSERT INTO  CIUDAD ( ID, NOMBRE, DEPARTAMENTO_ID) VALUES (52835,'TUMACO',21);
INSERT INTO  CIUDAD ( ID, NOMBRE, DEPARTAMENTO_ID) VALUES (52838,'TUQUERRES',21);
INSERT INTO  CIUDAD ( ID, NOMBRE, DEPARTAMENTO_ID) VALUES (52885,'YACUANQUER',21);
INSERT INTO  CIUDAD ( ID, NOMBRE, DEPARTAMENTO_ID) VALUES (52986,'TABLON DE GOMEZ',21);
INSERT INTO  CIUDAD ( ID, NOMBRE, DEPARTAMENTO_ID) VALUES (52987,'SAN LUIS',21);
INSERT INTO  CIUDAD ( ID, NOMBRE, DEPARTAMENTO_ID) VALUES (52988,'SAN JUAN',21);
INSERT INTO  CIUDAD ( ID, NOMBRE, DEPARTAMENTO_ID) VALUES (52989,'NARIÑO',21);
INSERT INTO  CIUDAD ( ID, NOMBRE, DEPARTAMENTO_ID) VALUES (52990,'MOCONDINO',21);
INSERT INTO  CIUDAD ( ID, NOMBRE, DEPARTAMENTO_ID) VALUES (52991,'MALLAMA',21);
INSERT INTO  CIUDAD ( ID, NOMBRE, DEPARTAMENTO_ID) VALUES (52992,'MAGUI',21);
INSERT INTO  CIUDAD ( ID, NOMBRE, DEPARTAMENTO_ID) VALUES (52993,'LOS ANDES',21);
INSERT INTO  CIUDAD ( ID, NOMBRE, DEPARTAMENTO_ID) VALUES (52994,'EL PEÑOL',21);
INSERT INTO  CIUDAD ( ID, NOMBRE, DEPARTAMENTO_ID) VALUES (52995,'CUASPUD',21);
INSERT INTO  CIUDAD ( ID, NOMBRE, DEPARTAMENTO_ID) VALUES (52996,'COLON',21);
INSERT INTO  CIUDAD ( ID, NOMBRE, DEPARTAMENTO_ID) VALUES (52997,'CATAMBUCO',21);
INSERT INTO  CIUDAD ( ID, NOMBRE, DEPARTAMENTO_ID) VALUES (52998,'CARTAGO',21);
INSERT INTO  CIUDAD ( ID, NOMBRE, DEPARTAMENTO_ID) VALUES (52999,'ALBAN ',21);
INSERT INTO  CIUDAD ( ID, NOMBRE, DEPARTAMENTO_ID) VALUES (54001,'CUCUTA',22);
INSERT INTO  CIUDAD ( ID, NOMBRE, DEPARTAMENTO_ID) VALUES (54003,'ABREGO',22);
INSERT INTO  CIUDAD ( ID, NOMBRE, DEPARTAMENTO_ID) VALUES (54051,'ARBOLEDAS',22);
INSERT INTO  CIUDAD ( ID, NOMBRE, DEPARTAMENTO_ID) VALUES (54099,'BOCHALEMA',22);
INSERT INTO  CIUDAD ( ID, NOMBRE, DEPARTAMENTO_ID) VALUES (54109,'BUCARASICA',22);
INSERT INTO  CIUDAD ( ID, NOMBRE, DEPARTAMENTO_ID) VALUES (54125,'CACOTA',22);
INSERT INTO  CIUDAD ( ID, NOMBRE, DEPARTAMENTO_ID) VALUES (54128,'CACHIRA',22);
INSERT INTO  CIUDAD ( ID, NOMBRE, DEPARTAMENTO_ID) VALUES (54172,'CHINACOTA',22);
INSERT INTO  CIUDAD ( ID, NOMBRE, DEPARTAMENTO_ID) VALUES (54174,'CHITAGA',22);
INSERT INTO  CIUDAD ( ID, NOMBRE, DEPARTAMENTO_ID) VALUES (54206,'CONVENCION',22);
INSERT INTO  CIUDAD ( ID, NOMBRE, DEPARTAMENTO_ID) VALUES (54223,'CUCUTILLA',22);
INSERT INTO  CIUDAD ( ID, NOMBRE, DEPARTAMENTO_ID) VALUES (54239,'DURANIA',22);
INSERT INTO  CIUDAD ( ID, NOMBRE, DEPARTAMENTO_ID) VALUES (54245,'EL CARMEN',22);
INSERT INTO  CIUDAD ( ID, NOMBRE, DEPARTAMENTO_ID) VALUES (54250,'EL TARRA',22);
INSERT INTO  CIUDAD ( ID, NOMBRE, DEPARTAMENTO_ID) VALUES (54261,'EL ZULIA',22);
INSERT INTO  CIUDAD ( ID, NOMBRE, DEPARTAMENTO_ID) VALUES (54173,'GRAMALOTE',22);
INSERT INTO  CIUDAD ( ID, NOMBRE, DEPARTAMENTO_ID) VALUES (54344,'HACARI',22);
INSERT INTO  CIUDAD ( ID, NOMBRE, DEPARTAMENTO_ID) VALUES (54347,'HERRAN',22);
INSERT INTO  CIUDAD ( ID, NOMBRE, DEPARTAMENTO_ID) VALUES (54377,'LABATECA',22);
INSERT INTO  CIUDAD ( ID, NOMBRE, DEPARTAMENTO_ID) VALUES (54385,'LA ESPERANZA',22);
INSERT INTO  CIUDAD ( ID, NOMBRE, DEPARTAMENTO_ID) VALUES (54398,'LA PLAYA',22);
INSERT INTO  CIUDAD ( ID, NOMBRE, DEPARTAMENTO_ID) VALUES (54405,'LOS PATIOS',22);
INSERT INTO  CIUDAD ( ID, NOMBRE, DEPARTAMENTO_ID) VALUES (54418,'LOURDES',22);
INSERT INTO  CIUDAD ( ID, NOMBRE, DEPARTAMENTO_ID) VALUES (54480,'MUTISCUA',22);
INSERT INTO  CIUDAD ( ID, NOMBRE, DEPARTAMENTO_ID) VALUES (54498,'OCANA',22);
INSERT INTO  CIUDAD ( ID, NOMBRE, DEPARTAMENTO_ID) VALUES (54518,'PAMPLONA',22);
INSERT INTO  CIUDAD ( ID, NOMBRE, DEPARTAMENTO_ID) VALUES (54520,'PAMPLONITA',22);
INSERT INTO  CIUDAD ( ID, NOMBRE, DEPARTAMENTO_ID) VALUES (54553,'PUERTO SANTANDER',22);
INSERT INTO  CIUDAD ( ID, NOMBRE, DEPARTAMENTO_ID) VALUES (54599,'RAGONVALIA',22);
INSERT INTO  CIUDAD ( ID, NOMBRE, DEPARTAMENTO_ID) VALUES (54660,'SALAZAR',22);
INSERT INTO  CIUDAD ( ID, NOMBRE, DEPARTAMENTO_ID) VALUES (54670,'SAN CALIXTO',22);
INSERT INTO  CIUDAD ( ID, NOMBRE, DEPARTAMENTO_ID) VALUES (54673,'SAN CAYETANO',22);
INSERT INTO  CIUDAD ( ID, NOMBRE, DEPARTAMENTO_ID) VALUES (54680,'SANTIAGO',22);
INSERT INTO  CIUDAD ( ID, NOMBRE, DEPARTAMENTO_ID) VALUES (54720,'SARDINATA',22);
INSERT INTO  CIUDAD ( ID, NOMBRE, DEPARTAMENTO_ID) VALUES (54743,'SILOS',22);
INSERT INTO  CIUDAD ( ID, NOMBRE, DEPARTAMENTO_ID) VALUES (54800,'TEORAMA',22);
INSERT INTO  CIUDAD ( ID, NOMBRE, DEPARTAMENTO_ID) VALUES (54810,'TIBU',22);
INSERT INTO  CIUDAD ( ID, NOMBRE, DEPARTAMENTO_ID) VALUES (54820,'TOLEDO',22);
INSERT INTO  CIUDAD ( ID, NOMBRE, DEPARTAMENTO_ID) VALUES (54871,'VILLACARO',22);
INSERT INTO  CIUDAD ( ID, NOMBRE, DEPARTAMENTO_ID) VALUES (54874,'VILLA ROSARIO',22);
INSERT INTO  CIUDAD ( ID, NOMBRE, DEPARTAMENTO_ID) VALUES (54991,'GIBRALTAR',22);
INSERT INTO  CIUDAD ( ID, NOMBRE, DEPARTAMENTO_ID) VALUES (54992,'LA GABARRA',22);
INSERT INTO  CIUDAD ( ID, NOMBRE, DEPARTAMENTO_ID) VALUES (54993,'LA VEGA',22);
INSERT INTO  CIUDAD ( ID, NOMBRE, DEPARTAMENTO_ID) VALUES (54994,'LAS MERCEDES',22);
INSERT INTO  CIUDAD ( ID, NOMBRE, DEPARTAMENTO_ID) VALUES (54996,'UREÑA',22);
INSERT INTO  CIUDAD ( ID, NOMBRE, DEPARTAMENTO_ID) VALUES (54997,'TONA',22);
INSERT INTO  CIUDAD ( ID, NOMBRE, DEPARTAMENTO_ID) VALUES (54998,'SAN VICENTE DE CHUCURI',22);
INSERT INTO  CIUDAD ( ID, NOMBRE, DEPARTAMENTO_ID) VALUES (54999,'AGUACLARA',22);
INSERT INTO  CIUDAD ( ID, NOMBRE, DEPARTAMENTO_ID) VALUES (63001,'ARMENIA',24);
INSERT INTO  CIUDAD ( ID, NOMBRE, DEPARTAMENTO_ID) VALUES (61711,'BUENAVISTA',24);
INSERT INTO  CIUDAD ( ID, NOMBRE, DEPARTAMENTO_ID) VALUES (61720,'BARCELONA',24);
INSERT INTO  CIUDAD ( ID, NOMBRE, DEPARTAMENTO_ID) VALUES (61730,'CALARCA',24);
INSERT INTO  CIUDAD ( ID, NOMBRE, DEPARTAMENTO_ID) VALUES (61790,'CIRCASIA',24);
INSERT INTO  CIUDAD ( ID, NOMBRE, DEPARTAMENTO_ID) VALUES (63212,'CORDOBA',24);
INSERT INTO  CIUDAD ( ID, NOMBRE, DEPARTAMENTO_ID) VALUES (63272,'FILANDIA',24);
INSERT INTO  CIUDAD ( ID, NOMBRE, DEPARTAMENTO_ID) VALUES (63302,'GENOVA',24);
INSERT INTO  CIUDAD ( ID, NOMBRE, DEPARTAMENTO_ID) VALUES (63401,'LA TEBAIDA',24);
INSERT INTO  CIUDAD ( ID, NOMBRE, DEPARTAMENTO_ID) VALUES (63470,'MONTENEGRO',24);
INSERT INTO  CIUDAD ( ID, NOMBRE, DEPARTAMENTO_ID) VALUES (63548,'PIJAO',24);
INSERT INTO  CIUDAD ( ID, NOMBRE, DEPARTAMENTO_ID) VALUES (63594,'QUIMBAYA',24);
INSERT INTO  CIUDAD ( ID, NOMBRE, DEPARTAMENTO_ID) VALUES (63690,'SALENTO',24);
INSERT INTO  CIUDAD ( ID, NOMBRE, DEPARTAMENTO_ID) VALUES (63998,'PUERTO ESPEJO',24);
INSERT INTO  CIUDAD ( ID, NOMBRE, DEPARTAMENTO_ID) VALUES (63999,'BARCELONA',24);
INSERT INTO  CIUDAD ( ID, NOMBRE, DEPARTAMENTO_ID) VALUES (66001,'PEREIRA',25);
INSERT INTO  CIUDAD ( ID, NOMBRE, DEPARTAMENTO_ID) VALUES (66045,'APIA',25);
INSERT INTO  CIUDAD ( ID, NOMBRE, DEPARTAMENTO_ID) VALUES (66075,'BALBOA',25);
INSERT INTO  CIUDAD ( ID, NOMBRE, DEPARTAMENTO_ID) VALUES (66088,'BELEN DE UMBRIA',25);
INSERT INTO  CIUDAD ( ID, NOMBRE, DEPARTAMENTO_ID) VALUES (66170,'DOS QUEBRADA',25);
INSERT INTO  CIUDAD ( ID, NOMBRE, DEPARTAMENTO_ID) VALUES (66178,'GUATICA',25);
INSERT INTO  CIUDAD ( ID, NOMBRE, DEPARTAMENTO_ID) VALUES (66383,'LA CELIA',25);
INSERT INTO  CIUDAD ( ID, NOMBRE, DEPARTAMENTO_ID) VALUES (66400,'LA VIRGINIA',25);
INSERT INTO  CIUDAD ( ID, NOMBRE, DEPARTAMENTO_ID) VALUES (66440,'MARSELLA',25);
INSERT INTO  CIUDAD ( ID, NOMBRE, DEPARTAMENTO_ID) VALUES (66456,'MISTRATO',25);
INSERT INTO  CIUDAD ( ID, NOMBRE, DEPARTAMENTO_ID) VALUES (66572,'PUEBLORICO',25);
INSERT INTO  CIUDAD ( ID, NOMBRE, DEPARTAMENTO_ID) VALUES (66594,'QUINCHIA',25);
INSERT INTO  CIUDAD ( ID, NOMBRE, DEPARTAMENTO_ID) VALUES (66682,'SANTA  ROSA DE CABAL',25);
INSERT INTO  CIUDAD ( ID, NOMBRE, DEPARTAMENTO_ID) VALUES (66687,'SANTUARIO',25);
INSERT INTO  CIUDAD ( ID, NOMBRE, DEPARTAMENTO_ID) VALUES (66998,'PUERTO CALDAS',25);
INSERT INTO  CIUDAD ( ID, NOMBRE, DEPARTAMENTO_ID) VALUES (66999,'IRRA',25);
INSERT INTO  CIUDAD ( ID, NOMBRE, DEPARTAMENTO_ID) VALUES (68001,'BUCARAMANGA',28);
INSERT INTO  CIUDAD ( ID, NOMBRE, DEPARTAMENTO_ID) VALUES (68013,'AGUADA',28);
INSERT INTO  CIUDAD ( ID, NOMBRE, DEPARTAMENTO_ID) VALUES (68020,'ALBANIA',28);
INSERT INTO  CIUDAD ( ID, NOMBRE, DEPARTAMENTO_ID) VALUES (68051,'ARATOCA',28);
INSERT INTO  CIUDAD ( ID, NOMBRE, DEPARTAMENTO_ID) VALUES (68077,'BARBOSA',28);
INSERT INTO  CIUDAD ( ID, NOMBRE, DEPARTAMENTO_ID) VALUES (68079,'BARICHARA',28);
INSERT INTO  CIUDAD ( ID, NOMBRE, DEPARTAMENTO_ID) VALUES (68081,'BARRANCABERMEJA',28);
INSERT INTO  CIUDAD ( ID, NOMBRE, DEPARTAMENTO_ID) VALUES (68092,'BETULIA',28);
INSERT INTO  CIUDAD ( ID, NOMBRE, DEPARTAMENTO_ID) VALUES (68101,'BOLIVAR',28);
INSERT INTO  CIUDAD ( ID, NOMBRE, DEPARTAMENTO_ID) VALUES (68121,'CABRERA',28);
INSERT INTO  CIUDAD ( ID, NOMBRE, DEPARTAMENTO_ID) VALUES (68132,'CALIFORNIA',28);
INSERT INTO  CIUDAD ( ID, NOMBRE, DEPARTAMENTO_ID) VALUES (68147,'CAPITANEJO',28);
INSERT INTO  CIUDAD ( ID, NOMBRE, DEPARTAMENTO_ID) VALUES (68152,'CARCASI',28);
INSERT INTO  CIUDAD ( ID, NOMBRE, DEPARTAMENTO_ID) VALUES (68160,'CEPITA',28);
INSERT INTO  CIUDAD ( ID, NOMBRE, DEPARTAMENTO_ID) VALUES (68162,'CERRITO',28);
INSERT INTO  CIUDAD ( ID, NOMBRE, DEPARTAMENTO_ID) VALUES (68167,'CHARALA',28);
INSERT INTO  CIUDAD ( ID, NOMBRE, DEPARTAMENTO_ID) VALUES (68169,'CHARTA',28);
INSERT INTO  CIUDAD ( ID, NOMBRE, DEPARTAMENTO_ID) VALUES (68176,'CHIMA',28);
INSERT INTO  CIUDAD ( ID, NOMBRE, DEPARTAMENTO_ID) VALUES (68179,'CHIPATA',28);
INSERT INTO  CIUDAD ( ID, NOMBRE, DEPARTAMENTO_ID) VALUES (68190,'CIMITARRA',28);
INSERT INTO  CIUDAD ( ID, NOMBRE, DEPARTAMENTO_ID) VALUES (68207,'CONCEPCION',28);
INSERT INTO  CIUDAD ( ID, NOMBRE, DEPARTAMENTO_ID) VALUES (68209,'CONFINES',28);
INSERT INTO  CIUDAD ( ID, NOMBRE, DEPARTAMENTO_ID) VALUES (68211,'CONTRATACION',28);
INSERT INTO  CIUDAD ( ID, NOMBRE, DEPARTAMENTO_ID) VALUES (68217,'COROMORO',28);
INSERT INTO  CIUDAD ( ID, NOMBRE, DEPARTAMENTO_ID) VALUES (68229,'CURITI',28);
INSERT INTO  CIUDAD ( ID, NOMBRE, DEPARTAMENTO_ID) VALUES (68235,'EL CARMEN',28);
INSERT INTO  CIUDAD ( ID, NOMBRE, DEPARTAMENTO_ID) VALUES (68245,'EL GUACAMAYO',28);
INSERT INTO  CIUDAD ( ID, NOMBRE, DEPARTAMENTO_ID) VALUES (68250,'EL PEÑON',28);
INSERT INTO  CIUDAD ( ID, NOMBRE, DEPARTAMENTO_ID) VALUES (68255,'EL PLAYON',28);
INSERT INTO  CIUDAD ( ID, NOMBRE, DEPARTAMENTO_ID) VALUES (68264,'ENCINO',28);
INSERT INTO  CIUDAD ( ID, NOMBRE, DEPARTAMENTO_ID) VALUES (68266,'ENCISO',28);
INSERT INTO  CIUDAD ( ID, NOMBRE, DEPARTAMENTO_ID) VALUES (68271,'FLORIAN',28);
INSERT INTO  CIUDAD ( ID, NOMBRE, DEPARTAMENTO_ID) VALUES (68276,'FLORIDABLANCA',28);
INSERT INTO  CIUDAD ( ID, NOMBRE, DEPARTAMENTO_ID) VALUES (68296,'GALAN',28);
INSERT INTO  CIUDAD ( ID, NOMBRE, DEPARTAMENTO_ID) VALUES (68298,'GAMBITA',28);
INSERT INTO  CIUDAD ( ID, NOMBRE, DEPARTAMENTO_ID) VALUES (68307,'GIRON',28);
INSERT INTO  CIUDAD ( ID, NOMBRE, DEPARTAMENTO_ID) VALUES (68178,'GUACA',28);
INSERT INTO  CIUDAD ( ID, NOMBRE, DEPARTAMENTO_ID) VALUES (68320,'GUDALUPE',28);
INSERT INTO  CIUDAD ( ID, NOMBRE, DEPARTAMENTO_ID) VALUES (68322,'GUAPOTA',28);
INSERT INTO  CIUDAD ( ID, NOMBRE, DEPARTAMENTO_ID) VALUES (68324,'GUAVATA',28);
INSERT INTO  CIUDAD ( ID, NOMBRE, DEPARTAMENTO_ID) VALUES (68327,'GUEPSA',28);
INSERT INTO  CIUDAD ( ID, NOMBRE, DEPARTAMENTO_ID) VALUES (68344,'HATO',28);
INSERT INTO  CIUDAD ( ID, NOMBRE, DEPARTAMENTO_ID) VALUES (68368,'JESUS MARIA',28);
INSERT INTO  CIUDAD ( ID, NOMBRE, DEPARTAMENTO_ID) VALUES (68370,'JORDAN',28);
INSERT INTO  CIUDAD ( ID, NOMBRE, DEPARTAMENTO_ID) VALUES (68377,'LA BELLEZA',28);
INSERT INTO  CIUDAD ( ID, NOMBRE, DEPARTAMENTO_ID) VALUES (68385,'LANDAZURI',28);
INSERT INTO  CIUDAD ( ID, NOMBRE, DEPARTAMENTO_ID) VALUES (68397,'LA PAZ',28);
INSERT INTO  CIUDAD ( ID, NOMBRE, DEPARTAMENTO_ID) VALUES (68406,'LEBRIJA',28);
INSERT INTO  CIUDAD ( ID, NOMBRE, DEPARTAMENTO_ID) VALUES (68418,'LOS SANTOS',28);
INSERT INTO  CIUDAD ( ID, NOMBRE, DEPARTAMENTO_ID) VALUES (68425,'MACARAVITA',28);
INSERT INTO  CIUDAD ( ID, NOMBRE, DEPARTAMENTO_ID) VALUES (68432,'MALAGA',28);
INSERT INTO  CIUDAD ( ID, NOMBRE, DEPARTAMENTO_ID) VALUES (68444,'MATANZA',28);
INSERT INTO  CIUDAD ( ID, NOMBRE, DEPARTAMENTO_ID) VALUES (68464,'MOGOTES',28);
INSERT INTO  CIUDAD ( ID, NOMBRE, DEPARTAMENTO_ID) VALUES (68468,'MOLAGAVITA',28);
INSERT INTO  CIUDAD ( ID, NOMBRE, DEPARTAMENTO_ID) VALUES (68498,'OCAMONTE',28);
INSERT INTO  CIUDAD ( ID, NOMBRE, DEPARTAMENTO_ID) VALUES (68500,'OIBA',28);
INSERT INTO  CIUDAD ( ID, NOMBRE, DEPARTAMENTO_ID) VALUES (68502,'ONZAGA',28);
INSERT INTO  CIUDAD ( ID, NOMBRE, DEPARTAMENTO_ID) VALUES (68522,'PALMAR',28);
INSERT INTO  CIUDAD ( ID, NOMBRE, DEPARTAMENTO_ID) VALUES (68524,'PALMAS DEL SOCORRO',28);
INSERT INTO  CIUDAD ( ID, NOMBRE, DEPARTAMENTO_ID) VALUES (68533,'PARAMO',28);
INSERT INTO  CIUDAD ( ID, NOMBRE, DEPARTAMENTO_ID) VALUES (68547,'PIEDECUESTA',28);
INSERT INTO  CIUDAD ( ID, NOMBRE, DEPARTAMENTO_ID) VALUES (68549,'PINCHOTE',28);
INSERT INTO  CIUDAD ( ID, NOMBRE, DEPARTAMENTO_ID) VALUES (68572,'PUENTE NACIONAL',28);
INSERT INTO  CIUDAD ( ID, NOMBRE, DEPARTAMENTO_ID) VALUES (68573,'PUERTO PARRA',28);
INSERT INTO  CIUDAD ( ID, NOMBRE, DEPARTAMENTO_ID) VALUES (68575,'PUERTO WILCHES',28);
INSERT INTO  CIUDAD ( ID, NOMBRE, DEPARTAMENTO_ID) VALUES (68615,'RIONEGRO',28);
INSERT INTO  CIUDAD ( ID, NOMBRE, DEPARTAMENTO_ID) VALUES (68655,'SABANA DE TORRES',28);
INSERT INTO  CIUDAD ( ID, NOMBRE, DEPARTAMENTO_ID) VALUES (68669,'SAN ANDRES',28);
INSERT INTO  CIUDAD ( ID, NOMBRE, DEPARTAMENTO_ID) VALUES (68673,'SAN BENITO',28);
INSERT INTO  CIUDAD ( ID, NOMBRE, DEPARTAMENTO_ID) VALUES (68679,'SAN GIL',28);
INSERT INTO  CIUDAD ( ID, NOMBRE, DEPARTAMENTO_ID) VALUES (68682,'SAN JOAQUIN',28);
INSERT INTO  CIUDAD ( ID, NOMBRE, DEPARTAMENTO_ID) VALUES (68684,'SAN JOSE DE MIRANDA',28);
INSERT INTO  CIUDAD ( ID, NOMBRE, DEPARTAMENTO_ID) VALUES (68686,'SAN MIGUEL',28);
INSERT INTO  CIUDAD ( ID, NOMBRE, DEPARTAMENTO_ID) VALUES (68689,'SAN VICENTE DE CHUCURI',28);
INSERT INTO  CIUDAD ( ID, NOMBRE, DEPARTAMENTO_ID) VALUES (68705,'STA  BARBARA',28);
INSERT INTO  CIUDAD ( ID, NOMBRE, DEPARTAMENTO_ID) VALUES (68720,'SANTA HELENA DEL OPON',28);
INSERT INTO  CIUDAD ( ID, NOMBRE, DEPARTAMENTO_ID) VALUES (68745,'SIMACOTA',28);
INSERT INTO  CIUDAD ( ID, NOMBRE, DEPARTAMENTO_ID) VALUES (68755,'SOCORRO',28);
INSERT INTO  CIUDAD ( ID, NOMBRE, DEPARTAMENTO_ID) VALUES (68770,'SUAITA',28);
INSERT INTO  CIUDAD ( ID, NOMBRE, DEPARTAMENTO_ID) VALUES (68773,'SUCRE',28);
INSERT INTO  CIUDAD ( ID, NOMBRE, DEPARTAMENTO_ID) VALUES (68780,'SURATA',28);
INSERT INTO  CIUDAD ( ID, NOMBRE, DEPARTAMENTO_ID) VALUES (68820,'TONA',28);
INSERT INTO  CIUDAD ( ID, NOMBRE, DEPARTAMENTO_ID) VALUES (68855,'VALLE DE SAN JOSE',28);
INSERT INTO  CIUDAD ( ID, NOMBRE, DEPARTAMENTO_ID) VALUES (68861,'VELEZ',28);
INSERT INTO  CIUDAD ( ID, NOMBRE, DEPARTAMENTO_ID) VALUES (68867,'VETAS',28);
INSERT INTO  CIUDAD ( ID, NOMBRE, DEPARTAMENTO_ID) VALUES (68872,'VILLANUEVA',28);
INSERT INTO  CIUDAD ( ID, NOMBRE, DEPARTAMENTO_ID) VALUES (68895,'ZAPATOCA',28);
INSERT INTO  CIUDAD ( ID, NOMBRE, DEPARTAMENTO_ID) VALUES (68898,'MIRANDA',28);
INSERT INTO  CIUDAD ( ID, NOMBRE, DEPARTAMENTO_ID) VALUES (68991,'SAN FRANCISCO',28);
INSERT INTO  CIUDAD ( ID, NOMBRE, DEPARTAMENTO_ID) VALUES (68992,'EL CENTRO',28);
INSERT INTO  CIUDAD ( ID, NOMBRE, DEPARTAMENTO_ID) VALUES (68993,'SAN JOSE DE SUAVITA',28);
INSERT INTO  CIUDAD ( ID, NOMBRE, DEPARTAMENTO_ID) VALUES (68996,'RUITOQUE',28);
INSERT INTO  CIUDAD ( ID, NOMBRE, DEPARTAMENTO_ID) VALUES (68997,'PROVENZA',28);
INSERT INTO  CIUDAD ( ID, NOMBRE, DEPARTAMENTO_ID) VALUES (68998,'MIRANDA',28);
INSERT INTO  CIUDAD ( ID, NOMBRE, DEPARTAMENTO_ID) VALUES (68999,'GUACOS',28);
INSERT INTO  CIUDAD ( ID, NOMBRE, DEPARTAMENTO_ID) VALUES (70001,'SINCELEJO',29);
INSERT INTO  CIUDAD ( ID, NOMBRE, DEPARTAMENTO_ID) VALUES (70110,'BUENAVISTA',29);
INSERT INTO  CIUDAD ( ID, NOMBRE, DEPARTAMENTO_ID) VALUES (70124,'CAIMITO',29);
INSERT INTO  CIUDAD ( ID, NOMBRE, DEPARTAMENTO_ID) VALUES (70204,'COLOSO',29);
INSERT INTO  CIUDAD ( ID, NOMBRE, DEPARTAMENTO_ID) VALUES (70215,'COROZAL',29);
INSERT INTO  CIUDAD ( ID, NOMBRE, DEPARTAMENTO_ID) VALUES (70221,'COVEÑAS',29);
INSERT INTO  CIUDAD ( ID, NOMBRE, DEPARTAMENTO_ID) VALUES (70230,'CHALAN',29);
INSERT INTO  CIUDAD ( ID, NOMBRE, DEPARTAMENTO_ID) VALUES (70233,'EL ROBLE',29);
INSERT INTO  CIUDAD ( ID, NOMBRE, DEPARTAMENTO_ID) VALUES (70235,'GALERAS',29);
INSERT INTO  CIUDAD ( ID, NOMBRE, DEPARTAMENTO_ID) VALUES (70265,'GUARANDA',29);
INSERT INTO  CIUDAD ( ID, NOMBRE, DEPARTAMENTO_ID) VALUES (70266,'GUARANDA',29);
INSERT INTO  CIUDAD ( ID, NOMBRE, DEPARTAMENTO_ID) VALUES (70400,'LA UNION',29);
INSERT INTO  CIUDAD ( ID, NOMBRE, DEPARTAMENTO_ID) VALUES (70418,'LOS PALMITOS',29);
INSERT INTO  CIUDAD ( ID, NOMBRE, DEPARTAMENTO_ID) VALUES (70429,'MAJAGUAL',29);
INSERT INTO  CIUDAD ( ID, NOMBRE, DEPARTAMENTO_ID) VALUES (70473,'MORROA',29);
INSERT INTO  CIUDAD ( ID, NOMBRE, DEPARTAMENTO_ID) VALUES (70508,'OVEJAS',29);
INSERT INTO  CIUDAD ( ID, NOMBRE, DEPARTAMENTO_ID) VALUES (70523,'PALMITO',29);
INSERT INTO  CIUDAD ( ID, NOMBRE, DEPARTAMENTO_ID) VALUES (70670,'SAMPUES',29);
INSERT INTO  CIUDAD ( ID, NOMBRE, DEPARTAMENTO_ID) VALUES (70678,'SAN BENITO ABAD',29);
INSERT INTO  CIUDAD ( ID, NOMBRE, DEPARTAMENTO_ID) VALUES (70702,'SAN JUAN DE BETULIA',29);
INSERT INTO  CIUDAD ( ID, NOMBRE, DEPARTAMENTO_ID) VALUES (70708,'SAN MARCOS',29);
INSERT INTO  CIUDAD ( ID, NOMBRE, DEPARTAMENTO_ID) VALUES (70713,'SAN ONOFRE',29);
INSERT INTO  CIUDAD ( ID, NOMBRE, DEPARTAMENTO_ID) VALUES (70717,'SAN PEDRO',29);
INSERT INTO  CIUDAD ( ID, NOMBRE, DEPARTAMENTO_ID) VALUES (70742,'SINCE',29);
INSERT INTO  CIUDAD ( ID, NOMBRE, DEPARTAMENTO_ID) VALUES (70771,'SUCRE',29);
INSERT INTO  CIUDAD ( ID, NOMBRE, DEPARTAMENTO_ID) VALUES (70820,'TOLU',29);
INSERT INTO  CIUDAD ( ID, NOMBRE, DEPARTAMENTO_ID) VALUES (70823,'TOLUVIEJO',29);
INSERT INTO  CIUDAD ( ID, NOMBRE, DEPARTAMENTO_ID) VALUES (70994,'SANTIAGO DE TOLU',29);
INSERT INTO  CIUDAD ( ID, NOMBRE, DEPARTAMENTO_ID) VALUES (70995,'SAN LUIS DE SINCE',29);
INSERT INTO  CIUDAD ( ID, NOMBRE, DEPARTAMENTO_ID) VALUES (70996,'GUAYABAL',29);
INSERT INTO  CIUDAD ( ID, NOMBRE, DEPARTAMENTO_ID) VALUES (70997,'EL PIÑAL',29);
INSERT INTO  CIUDAD ( ID, NOMBRE, DEPARTAMENTO_ID) VALUES (70998,'COVEÑAS',29);
INSERT INTO  CIUDAD ( ID, NOMBRE, DEPARTAMENTO_ID) VALUES (70999,'CHOCHO',29);
INSERT INTO  CIUDAD ( ID, NOMBRE, DEPARTAMENTO_ID) VALUES (73001,'IBAGUE',30);
INSERT INTO  CIUDAD ( ID, NOMBRE, DEPARTAMENTO_ID) VALUES (73024,'ALPUJARRA',30);
INSERT INTO  CIUDAD ( ID, NOMBRE, DEPARTAMENTO_ID) VALUES (73026,'ALVARADO',30);
INSERT INTO  CIUDAD ( ID, NOMBRE, DEPARTAMENTO_ID) VALUES (73030,'AMBALEMA',30);
INSERT INTO  CIUDAD ( ID, NOMBRE, DEPARTAMENTO_ID) VALUES (73043,'ANZOATEGUI',30);
INSERT INTO  CIUDAD ( ID, NOMBRE, DEPARTAMENTO_ID) VALUES (73055,'ARMERO',30);
INSERT INTO  CIUDAD ( ID, NOMBRE, DEPARTAMENTO_ID) VALUES (73067,'ATACO',30);
INSERT INTO  CIUDAD ( ID, NOMBRE, DEPARTAMENTO_ID) VALUES (71724,'CAJAMARCA',30);
INSERT INTO  CIUDAD ( ID, NOMBRE, DEPARTAMENTO_ID) VALUES (71748,'CARMEN DE APICALA',30);
INSERT INTO  CIUDAD ( ID, NOMBRE, DEPARTAMENTO_ID) VALUES (71752,'CASABIANCA',30);
INSERT INTO  CIUDAD ( ID, NOMBRE, DEPARTAMENTO_ID) VALUES (71768,'CHAPARRAL',30);
INSERT INTO  CIUDAD ( ID, NOMBRE, DEPARTAMENTO_ID) VALUES (73200,'COELLO',30);
INSERT INTO  CIUDAD ( ID, NOMBRE, DEPARTAMENTO_ID) VALUES (73217,'COYAIMA',30);
INSERT INTO  CIUDAD ( ID, NOMBRE, DEPARTAMENTO_ID) VALUES (73226,'CUNDAY',30);
INSERT INTO  CIUDAD ( ID, NOMBRE, DEPARTAMENTO_ID) VALUES (73236,'DOLORES',30);
INSERT INTO  CIUDAD ( ID, NOMBRE, DEPARTAMENTO_ID) VALUES (73268,'ESPINA',30);
INSERT INTO  CIUDAD ( ID, NOMBRE, DEPARTAMENTO_ID) VALUES (73270,'FALAN',30);
INSERT INTO  CIUDAD ( ID, NOMBRE, DEPARTAMENTO_ID) VALUES (73275,'FLANDES',30);
INSERT INTO  CIUDAD ( ID, NOMBRE, DEPARTAMENTO_ID) VALUES (73283,'FRESNO',30);
INSERT INTO  CIUDAD ( ID, NOMBRE, DEPARTAMENTO_ID) VALUES (73179,'GUAMO',30);
INSERT INTO  CIUDAD ( ID, NOMBRE, DEPARTAMENTO_ID) VALUES (73347,'HERVEO',30);
INSERT INTO  CIUDAD ( ID, NOMBRE, DEPARTAMENTO_ID) VALUES (73349,'HONDA',30);
INSERT INTO  CIUDAD ( ID, NOMBRE, DEPARTAMENTO_ID) VALUES (73352,'ICONONZO',30);
INSERT INTO  CIUDAD ( ID, NOMBRE, DEPARTAMENTO_ID) VALUES (73408,'LERIDA',30);
INSERT INTO  CIUDAD ( ID, NOMBRE, DEPARTAMENTO_ID) VALUES (73411,'LIBANO',30);
INSERT INTO  CIUDAD ( ID, NOMBRE, DEPARTAMENTO_ID) VALUES (73443,'MARIQUITA',30);
INSERT INTO  CIUDAD ( ID, NOMBRE, DEPARTAMENTO_ID) VALUES (73449,'MELGAR',30);
INSERT INTO  CIUDAD ( ID, NOMBRE, DEPARTAMENTO_ID) VALUES (73461,'MURILLO',30);
INSERT INTO  CIUDAD ( ID, NOMBRE, DEPARTAMENTO_ID) VALUES (73483,'NATAGAIMA',30);
INSERT INTO  CIUDAD ( ID, NOMBRE, DEPARTAMENTO_ID) VALUES (73504,'ORTEGA',30);
INSERT INTO  CIUDAD ( ID, NOMBRE, DEPARTAMENTO_ID) VALUES (73520,'PALOCABILDO',30);
INSERT INTO  CIUDAD ( ID, NOMBRE, DEPARTAMENTO_ID) VALUES (73547,'PIEDRAS',30);
INSERT INTO  CIUDAD ( ID, NOMBRE, DEPARTAMENTO_ID) VALUES (73555,'PLANADAS',30);
INSERT INTO  CIUDAD ( ID, NOMBRE, DEPARTAMENTO_ID) VALUES (73563,'PRADO',30);
INSERT INTO  CIUDAD ( ID, NOMBRE, DEPARTAMENTO_ID) VALUES (73585,'PURIFICACION',30);
INSERT INTO  CIUDAD ( ID, NOMBRE, DEPARTAMENTO_ID) VALUES (73616,'RIOBLANCO',30);
INSERT INTO  CIUDAD ( ID, NOMBRE, DEPARTAMENTO_ID) VALUES (73622,'RONCESVALLES',30);
INSERT INTO  CIUDAD ( ID, NOMBRE, DEPARTAMENTO_ID) VALUES (73624,'ROVIRA',30);
INSERT INTO  CIUDAD ( ID, NOMBRE, DEPARTAMENTO_ID) VALUES (73671,'SALDANA',30);
INSERT INTO  CIUDAD ( ID, NOMBRE, DEPARTAMENTO_ID) VALUES (73675,'SAN ANTONIO',30);
INSERT INTO  CIUDAD ( ID, NOMBRE, DEPARTAMENTO_ID) VALUES (73678,'SAN LUIS',30);
INSERT INTO  CIUDAD ( ID, NOMBRE, DEPARTAMENTO_ID) VALUES (73686,'SANTA ISABEL',30);
INSERT INTO  CIUDAD ( ID, NOMBRE, DEPARTAMENTO_ID) VALUES (73770,'SUAREZ',30);
INSERT INTO  CIUDAD ( ID, NOMBRE, DEPARTAMENTO_ID) VALUES (73854,'VALLE DE SAN JUAN',30);
INSERT INTO  CIUDAD ( ID, NOMBRE, DEPARTAMENTO_ID) VALUES (73861,'VENADILLO',30);
INSERT INTO  CIUDAD ( ID, NOMBRE, DEPARTAMENTO_ID) VALUES (73870,'VILLAHERMOSA',30);
INSERT INTO  CIUDAD ( ID, NOMBRE, DEPARTAMENTO_ID) VALUES (73873,'VILLARRICA',30);
INSERT INTO  CIUDAD ( ID, NOMBRE, DEPARTAMENTO_ID) VALUES (73982,'PAYANDE',30);
INSERT INTO  CIUDAD ( ID, NOMBRE, DEPARTAMENTO_ID) VALUES (73983,'PADUA',30);
INSERT INTO  CIUDAD ( ID, NOMBRE, DEPARTAMENTO_ID) VALUES (73984,'OIBA',30);
INSERT INTO  CIUDAD ( ID, NOMBRE, DEPARTAMENTO_ID) VALUES (73985,'LA SIERRA',30);
INSERT INTO  CIUDAD ( ID, NOMBRE, DEPARTAMENTO_ID) VALUES (73986,'GUALANDAY',30);
INSERT INTO  CIUDAD ( ID, NOMBRE, DEPARTAMENTO_ID) VALUES (73987,'BUENOS AIRES',30);
INSERT INTO  CIUDAD ( ID, NOMBRE, DEPARTAMENTO_ID) VALUES (73988,'ARMERO',30);
INSERT INTO  CIUDAD ( ID, NOMBRE, DEPARTAMENTO_ID) VALUES (73989,'CHICORAL',30);
INSERT INTO  CIUDAD ( ID, NOMBRE, DEPARTAMENTO_ID) VALUES (73990,'JUNIN',30);
INSERT INTO  CIUDAD ( ID, NOMBRE, DEPARTAMENTO_ID) VALUES (73991,'CADIZ',30);
INSERT INTO  CIUDAD ( ID, NOMBRE, DEPARTAMENTO_ID) VALUES (73992,'ANAIME',30);
INSERT INTO  CIUDAD ( ID, NOMBRE, DEPARTAMENTO_ID) VALUES (73993,'HERRERA',30);
INSERT INTO  CIUDAD ( ID, NOMBRE, DEPARTAMENTO_ID) VALUES (73994,'PALO CABILDO',30);
INSERT INTO  CIUDAD ( ID, NOMBRE, DEPARTAMENTO_ID) VALUES (73995,'GAITANA',30);
INSERT INTO  CIUDAD ( ID, NOMBRE, DEPARTAMENTO_ID) VALUES (73996,'PLAYARICA',30);
INSERT INTO  CIUDAD ( ID, NOMBRE, DEPARTAMENTO_ID) VALUES (73997,'SANTIAGO PEREZ',30);
INSERT INTO  CIUDAD ( ID, NOMBRE, DEPARTAMENTO_ID) VALUES (73998,'SANTA TERESA',30);
INSERT INTO  CIUDAD ( ID, NOMBRE, DEPARTAMENTO_ID) VALUES (73999,'TRES ESQUINAS',30);
INSERT INTO  CIUDAD ( ID, NOMBRE, DEPARTAMENTO_ID) VALUES (76001,'CALI',31);
INSERT INTO  CIUDAD ( ID, NOMBRE, DEPARTAMENTO_ID) VALUES (76020,'ALCALA',31);
INSERT INTO  CIUDAD ( ID, NOMBRE, DEPARTAMENTO_ID) VALUES (76036,'ANDALUCIA',31);
INSERT INTO  CIUDAD ( ID, NOMBRE, DEPARTAMENTO_ID) VALUES (76041,'ANSERMANUEVO',31);
INSERT INTO  CIUDAD ( ID, NOMBRE, DEPARTAMENTO_ID) VALUES (76054,'ARGELIA',31);
INSERT INTO  CIUDAD ( ID, NOMBRE, DEPARTAMENTO_ID) VALUES (76100,'BOLIVAR',31);
INSERT INTO  CIUDAD ( ID, NOMBRE, DEPARTAMENTO_ID) VALUES (76109,'BUENAVENTURA',31);
INSERT INTO  CIUDAD ( ID, NOMBRE, DEPARTAMENTO_ID) VALUES (76111,'BUGA',31);
INSERT INTO  CIUDAD ( ID, NOMBRE, DEPARTAMENTO_ID) VALUES (76113,'BUGALAGRANDE',31);
INSERT INTO  CIUDAD ( ID, NOMBRE, DEPARTAMENTO_ID) VALUES (76122,'CAICEDONIA',31);
INSERT INTO  CIUDAD ( ID, NOMBRE, DEPARTAMENTO_ID) VALUES (76126,'DARIEN (CALIMA)',31);
INSERT INTO  CIUDAD ( ID, NOMBRE, DEPARTAMENTO_ID) VALUES (76130,'CANDELARIA',31);
INSERT INTO  CIUDAD ( ID, NOMBRE, DEPARTAMENTO_ID) VALUES (76147,'CARTAGO',31);
INSERT INTO  CIUDAD ( ID, NOMBRE, DEPARTAMENTO_ID) VALUES (76233,'DAGUA',31);
INSERT INTO  CIUDAD ( ID, NOMBRE, DEPARTAMENTO_ID) VALUES (76243,'EL AGUILA',31);
INSERT INTO  CIUDAD ( ID, NOMBRE, DEPARTAMENTO_ID) VALUES (76246,'EL CAIRO',31);
INSERT INTO  CIUDAD ( ID, NOMBRE, DEPARTAMENTO_ID) VALUES (76248,'EL CERRITO',31);
INSERT INTO  CIUDAD ( ID, NOMBRE, DEPARTAMENTO_ID) VALUES (76250,'EL DOVIO',31);
INSERT INTO  CIUDAD ( ID, NOMBRE, DEPARTAMENTO_ID) VALUES (76275,'FLORIDA',31);
INSERT INTO  CIUDAD ( ID, NOMBRE, DEPARTAMENTO_ID) VALUES (76306,'GINEBRA',31);
INSERT INTO  CIUDAD ( ID, NOMBRE, DEPARTAMENTO_ID) VALUES (76178,'GUACARI',31);
INSERT INTO  CIUDAD ( ID, NOMBRE, DEPARTAMENTO_ID) VALUES (76364,'JAMUNDI',31);
INSERT INTO  CIUDAD ( ID, NOMBRE, DEPARTAMENTO_ID) VALUES (76377,'LA CUMBRE',31);
INSERT INTO  CIUDAD ( ID, NOMBRE, DEPARTAMENTO_ID) VALUES (76400,'LA UNION',31);
INSERT INTO  CIUDAD ( ID, NOMBRE, DEPARTAMENTO_ID) VALUES (76403,'LA VICTORIA',31);
INSERT INTO  CIUDAD ( ID, NOMBRE, DEPARTAMENTO_ID) VALUES (76497,'OBANDO',31);
INSERT INTO  CIUDAD ( ID, NOMBRE, DEPARTAMENTO_ID) VALUES (76520,'PALMIRA',31);
INSERT INTO  CIUDAD ( ID, NOMBRE, DEPARTAMENTO_ID) VALUES (76563,'PRADERA',31);
INSERT INTO  CIUDAD ( ID, NOMBRE, DEPARTAMENTO_ID) VALUES (76606,'RESTREPO',31);
INSERT INTO  CIUDAD ( ID, NOMBRE, DEPARTAMENTO_ID) VALUES (76616,'RIOFRIO',31);
INSERT INTO  CIUDAD ( ID, NOMBRE, DEPARTAMENTO_ID) VALUES (76622,'ROLDANILLO',31);
INSERT INTO  CIUDAD ( ID, NOMBRE, DEPARTAMENTO_ID) VALUES (76669,'VIJES',31);
INSERT INTO  CIUDAD ( ID, NOMBRE, DEPARTAMENTO_ID) VALUES (76670,'SAN PEDRO',31);
INSERT INTO  CIUDAD ( ID, NOMBRE, DEPARTAMENTO_ID) VALUES (76736,'SEVILLA',31);
INSERT INTO  CIUDAD ( ID, NOMBRE, DEPARTAMENTO_ID) VALUES (76823,'TORO',31);
INSERT INTO  CIUDAD ( ID, NOMBRE, DEPARTAMENTO_ID) VALUES (76828,'TRUJILLO',31);
INSERT INTO  CIUDAD ( ID, NOMBRE, DEPARTAMENTO_ID) VALUES (76834,'TULUA',31);
INSERT INTO  CIUDAD ( ID, NOMBRE, DEPARTAMENTO_ID) VALUES (76845,'ULLOA',31);
INSERT INTO  CIUDAD ( ID, NOMBRE, DEPARTAMENTO_ID) VALUES (76863,'VERSALLES',31);
INSERT INTO  CIUDAD ( ID, NOMBRE, DEPARTAMENTO_ID) VALUES (76869,'VIJES',31);
INSERT INTO  CIUDAD ( ID, NOMBRE, DEPARTAMENTO_ID) VALUES (76890,'YOTOCO',31);
INSERT INTO  CIUDAD ( ID, NOMBRE, DEPARTAMENTO_ID) VALUES (76892,'YUMBO',31);
INSERT INTO  CIUDAD ( ID, NOMBRE, DEPARTAMENTO_ID) VALUES (76893,'ZARAGOZA',31);
INSERT INTO  CIUDAD ( ID, NOMBRE, DEPARTAMENTO_ID) VALUES (76895,'ZARZAL',31);
INSERT INTO  CIUDAD ( ID, NOMBRE, DEPARTAMENTO_ID) VALUES (76980,'ZARAGOSA',31);
INSERT INTO  CIUDAD ( ID, NOMBRE, DEPARTAMENTO_ID) VALUES (76981,'VILLA GORGONA',31);
INSERT INTO  CIUDAD ( ID, NOMBRE, DEPARTAMENTO_ID) VALUES (76982,'SONSO',31);
INSERT INTO  CIUDAD ( ID, NOMBRE, DEPARTAMENTO_ID) VALUES (76983,'PALMAS DEL SOCORRO',31);
INSERT INTO  CIUDAD ( ID, NOMBRE, DEPARTAMENTO_ID) VALUES (76984,'PIEDECUESTA',31);
INSERT INTO  CIUDAD ( ID, NOMBRE, DEPARTAMENTO_ID) VALUES (76985,'PALOCABILDO',31);
INSERT INTO  CIUDAD ( ID, NOMBRE, DEPARTAMENTO_ID) VALUES (76986,'APIA',31);
INSERT INTO  CIUDAD ( ID, NOMBRE, DEPARTAMENTO_ID) VALUES (76987,'CALI',31);
INSERT INTO  CIUDAD ( ID, NOMBRE, DEPARTAMENTO_ID) VALUES (76988,'SINCELEJO',31);
INSERT INTO  CIUDAD ( ID, NOMBRE, DEPARTAMENTO_ID) VALUES (76989,'CAIMITO',31);
INSERT INTO  CIUDAD ( ID, NOMBRE, DEPARTAMENTO_ID) VALUES (76990,'COROZAL',31);
INSERT INTO  CIUDAD ( ID, NOMBRE, DEPARTAMENTO_ID) VALUES (76991,'GALERAS',31);
INSERT INTO  CIUDAD ( ID, NOMBRE, DEPARTAMENTO_ID) VALUES (76992,'LOS PALMITOS',31);
INSERT INTO  CIUDAD ( ID, NOMBRE, DEPARTAMENTO_ID) VALUES (76993,'LA GORGONA',31);
INSERT INTO  CIUDAD ( ID, NOMBRE, DEPARTAMENTO_ID) VALUES (76994,'EL ROBLE',31);
INSERT INTO  CIUDAD ( ID, NOMBRE, DEPARTAMENTO_ID) VALUES (76995,'EL DORADO',31);
INSERT INTO  CIUDAD ( ID, NOMBRE, DEPARTAMENTO_ID) VALUES (76996,'EL CARMELO',31);
INSERT INTO  CIUDAD ( ID, NOMBRE, DEPARTAMENTO_ID) VALUES (76997,'BAHIA MALAGA',31);
INSERT INTO  CIUDAD ( ID, NOMBRE, DEPARTAMENTO_ID) VALUES (76998,'ATUNCELA',31);
INSERT INTO  CIUDAD ( ID, NOMBRE, DEPARTAMENTO_ID) VALUES (76999,'AMAIME',31);
INSERT INTO  CIUDAD ( ID, NOMBRE, DEPARTAMENTO_ID) VALUES (81001,'ARAUCA',3);
INSERT INTO  CIUDAD ( ID, NOMBRE, DEPARTAMENTO_ID) VALUES (81065,'ARAUQUITA',3);
INSERT INTO  CIUDAD ( ID, NOMBRE, DEPARTAMENTO_ID) VALUES (81220,'CRAVO NORTE',3);
INSERT INTO  CIUDAD ( ID, NOMBRE, DEPARTAMENTO_ID) VALUES (81300,'FORTUL',3);
INSERT INTO  CIUDAD ( ID, NOMBRE, DEPARTAMENTO_ID) VALUES (81591,'PTO RONDON',3);
INSERT INTO  CIUDAD ( ID, NOMBRE, DEPARTAMENTO_ID) VALUES (81736,'SARAVENA',3);
INSERT INTO  CIUDAD ( ID, NOMBRE, DEPARTAMENTO_ID) VALUES (81794,'TAME',3);
INSERT INTO  CIUDAD ( ID, NOMBRE, DEPARTAMENTO_ID) VALUES (85001,'YOPAL',8);
INSERT INTO  CIUDAD ( ID, NOMBRE, DEPARTAMENTO_ID) VALUES (85010,'AGUAZUL',8);
INSERT INTO  CIUDAD ( ID, NOMBRE, DEPARTAMENTO_ID) VALUES (85015,'CHAMEZA',8);
INSERT INTO  CIUDAD ( ID, NOMBRE, DEPARTAMENTO_ID) VALUES (85125,'HATO COROZAL',8);
INSERT INTO  CIUDAD ( ID, NOMBRE, DEPARTAMENTO_ID) VALUES (85136,'LA SALINA',8);
INSERT INTO  CIUDAD ( ID, NOMBRE, DEPARTAMENTO_ID) VALUES (85139,'MANI',8);
INSERT INTO  CIUDAD ( ID, NOMBRE, DEPARTAMENTO_ID) VALUES (85162,'MONTERREY',8);
INSERT INTO  CIUDAD ( ID, NOMBRE, DEPARTAMENTO_ID) VALUES (85225,'NUNCHIA',8);
INSERT INTO  CIUDAD ( ID, NOMBRE, DEPARTAMENTO_ID) VALUES (85230,'OROCUE',8);
INSERT INTO  CIUDAD ( ID, NOMBRE, DEPARTAMENTO_ID) VALUES (85250,'PAZ DE ARIPORO',8);
INSERT INTO  CIUDAD ( ID, NOMBRE, DEPARTAMENTO_ID) VALUES (85263,'PORE',8);
INSERT INTO  CIUDAD ( ID, NOMBRE, DEPARTAMENTO_ID) VALUES (85279,'RECETOR',8);
INSERT INTO  CIUDAD ( ID, NOMBRE, DEPARTAMENTO_ID) VALUES (85300,'SABANALARGA',8);
INSERT INTO  CIUDAD ( ID, NOMBRE, DEPARTAMENTO_ID) VALUES (85175,'SACAMA',8);
INSERT INTO  CIUDAD ( ID, NOMBRE, DEPARTAMENTO_ID) VALUES (85325,'SAN LUIS DE PALENQUE',8);
INSERT INTO  CIUDAD ( ID, NOMBRE, DEPARTAMENTO_ID) VALUES (85400,'TAMARA',8);
INSERT INTO  CIUDAD ( ID, NOMBRE, DEPARTAMENTO_ID) VALUES (85410,'TAURAMENA',8);
INSERT INTO  CIUDAD ( ID, NOMBRE, DEPARTAMENTO_ID) VALUES (85430,'TRINIDAD',8);
INSERT INTO  CIUDAD ( ID, NOMBRE, DEPARTAMENTO_ID) VALUES (85440,'VILLANUEVA',8);
INSERT INTO  CIUDAD ( ID, NOMBRE, DEPARTAMENTO_ID) VALUES (85999,'LA UNION',8);
INSERT INTO  CIUDAD ( ID, NOMBRE, DEPARTAMENTO_ID) VALUES (86001,'MOCOA',23);
INSERT INTO  CIUDAD ( ID, NOMBRE, DEPARTAMENTO_ID) VALUES (86219,'COLON',23);
INSERT INTO  CIUDAD ( ID, NOMBRE, DEPARTAMENTO_ID) VALUES (86320,'EL ORITO',23);
INSERT INTO  CIUDAD ( ID, NOMBRE, DEPARTAMENTO_ID) VALUES (86568,'PUERTO ASIS',23);
INSERT INTO  CIUDAD ( ID, NOMBRE, DEPARTAMENTO_ID) VALUES (86569,'RIONEGRO',23);
INSERT INTO  CIUDAD ( ID, NOMBRE, DEPARTAMENTO_ID) VALUES (86571,'EL GUACAMAYO',23);
INSERT INTO  CIUDAD ( ID, NOMBRE, DEPARTAMENTO_ID) VALUES (86573,'PUERTO LEGUIZAMO',23);
INSERT INTO  CIUDAD ( ID, NOMBRE, DEPARTAMENTO_ID) VALUES (86749,'SIBUNDOY',23);
INSERT INTO  CIUDAD ( ID, NOMBRE, DEPARTAMENTO_ID) VALUES (86755,'SAN FRANCISCO',23);
INSERT INTO  CIUDAD ( ID, NOMBRE, DEPARTAMENTO_ID) VALUES (86757,'FLORIAN',23);
INSERT INTO  CIUDAD ( ID, NOMBRE, DEPARTAMENTO_ID) VALUES (86760,'SANTIAGO',23);
INSERT INTO  CIUDAD ( ID, NOMBRE, DEPARTAMENTO_ID) VALUES (86865,'VALLE GUAMUEZ',23);
INSERT INTO  CIUDAD ( ID, NOMBRE, DEPARTAMENTO_ID) VALUES (86885,'VILLA AMAZONICA',23);
INSERT INTO  CIUDAD ( ID, NOMBRE, DEPARTAMENTO_ID) VALUES (86999,'GIRON',23);
INSERT INTO  CIUDAD ( ID, NOMBRE, DEPARTAMENTO_ID) VALUES (88001,'SAN ANDRES',26);
INSERT INTO  CIUDAD ( ID, NOMBRE, DEPARTAMENTO_ID) VALUES (88564,'PROVIDENCIA',26);
INSERT INTO  CIUDAD ( ID, NOMBRE, DEPARTAMENTO_ID) VALUES (91001,'LETICIA',1);
INSERT INTO  CIUDAD ( ID, NOMBRE, DEPARTAMENTO_ID) VALUES (91263,'EL ENCANTO',1);
INSERT INTO  CIUDAD ( ID, NOMBRE, DEPARTAMENTO_ID) VALUES (91405,'LA CHORRERA',1);
INSERT INTO  CIUDAD ( ID, NOMBRE, DEPARTAMENTO_ID) VALUES (91407,'LA PEDRERA',1);
INSERT INTO  CIUDAD ( ID, NOMBRE, DEPARTAMENTO_ID) VALUES (91430,'BELEN DE UMBRIA',1);
INSERT INTO  CIUDAD ( ID, NOMBRE, DEPARTAMENTO_ID) VALUES (91460,'MIRITI-PARANA',1);
INSERT INTO  CIUDAD ( ID, NOMBRE, DEPARTAMENTO_ID) VALUES (91530,'ANDALUCIA',1);
INSERT INTO  CIUDAD ( ID, NOMBRE, DEPARTAMENTO_ID) VALUES (91536,'ARGELIA',1);
INSERT INTO  CIUDAD ( ID, NOMBRE, DEPARTAMENTO_ID) VALUES (91540,'PUERTO NARINO',1);
INSERT INTO  CIUDAD ( ID, NOMBRE, DEPARTAMENTO_ID) VALUES (91669,'PUERTO SANTANDER',1);
INSERT INTO  CIUDAD ( ID, NOMBRE, DEPARTAMENTO_ID) VALUES (91798,'TARAPACA',1);
INSERT INTO  CIUDAD ( ID, NOMBRE, DEPARTAMENTO_ID) VALUES (94001,'PTO INRIDA',15);
INSERT INTO  CIUDAD ( ID, NOMBRE, DEPARTAMENTO_ID) VALUES (94343,'GUAVIARE',15);
INSERT INTO  CIUDAD ( ID, NOMBRE, DEPARTAMENTO_ID) VALUES (94663,'CONTRATACION',15);
INSERT INTO  CIUDAD ( ID, NOMBRE, DEPARTAMENTO_ID) VALUES (94883,'CURITI',15);
INSERT INTO  CIUDAD ( ID, NOMBRE, DEPARTAMENTO_ID) VALUES (94884,'EL PLAYON',15);
INSERT INTO  CIUDAD ( ID, NOMBRE, DEPARTAMENTO_ID) VALUES (94885,'ENCISO',15);
INSERT INTO  CIUDAD ( ID, NOMBRE, DEPARTAMENTO_ID) VALUES (94886,'FLORIDABLANCA',15);
INSERT INTO  CIUDAD ( ID, NOMBRE, DEPARTAMENTO_ID) VALUES (94887,'GAMBITA',15);
INSERT INTO  CIUDAD ( ID, NOMBRE, DEPARTAMENTO_ID) VALUES (94888,'GUACA',15);
INSERT INTO  CIUDAD ( ID, NOMBRE, DEPARTAMENTO_ID) VALUES (94991,'ESPINA',15);
INSERT INTO  CIUDAD ( ID, NOMBRE, DEPARTAMENTO_ID) VALUES (95001,'SAN JOSE DEL GU',17);
INSERT INTO  CIUDAD ( ID, NOMBRE, DEPARTAMENTO_ID) VALUES (95015,'GUAMO',17);
INSERT INTO  CIUDAD ( ID, NOMBRE, DEPARTAMENTO_ID) VALUES (95025,'HONDA',17);
INSERT INTO  CIUDAD ( ID, NOMBRE, DEPARTAMENTO_ID) VALUES (95200,'MIRAFLORES',17);
INSERT INTO  CIUDAD ( ID, NOMBRE, DEPARTAMENTO_ID) VALUES (95220,'MORICHAL',17);
INSERT INTO  CIUDAD ( ID, NOMBRE, DEPARTAMENTO_ID) VALUES (97001,'MITU',32);
INSERT INTO  CIUDAD ( ID, NOMBRE, DEPARTAMENTO_ID) VALUES (97161,'CARURU',32);
INSERT INTO  CIUDAD ( ID, NOMBRE, DEPARTAMENTO_ID) VALUES (97511,'PACOA',32);
INSERT INTO  CIUDAD ( ID, NOMBRE, DEPARTAMENTO_ID) VALUES (97666,'SAN JOAQUIN',32);
INSERT INTO  CIUDAD ( ID, NOMBRE, DEPARTAMENTO_ID) VALUES (97777,'SAN MIGUEL',32);
INSERT INTO  CIUDAD ( ID, NOMBRE, DEPARTAMENTO_ID) VALUES (97889,'YAVARATE',32);
INSERT INTO  CIUDAD ( ID, NOMBRE, DEPARTAMENTO_ID) VALUES (99001,'PUERTO CARRENO',33);
INSERT INTO  CIUDAD ( ID, NOMBRE, DEPARTAMENTO_ID) VALUES (99496,'VENADILLO',33);
INSERT INTO  CIUDAD ( ID, NOMBRE, DEPARTAMENTO_ID) VALUES (99524,'LA PRIMAVERA',33);
INSERT INTO  CIUDAD ( ID, NOMBRE, DEPARTAMENTO_ID) VALUES (99572,'PUERTO NARINO',33);
INSERT INTO  CIUDAD ( ID, NOMBRE, DEPARTAMENTO_ID) VALUES (99624,'OVEJAS',33);
INSERT INTO  CIUDAD ( ID, NOMBRE, DEPARTAMENTO_ID) VALUES (99666,'SAMPUES',33);
INSERT INTO  CIUDAD ( ID, NOMBRE, DEPARTAMENTO_ID) VALUES (99760,'SAN JOSE DE OCUNE',33);
INSERT INTO  CIUDAD ( ID, NOMBRE, DEPARTAMENTO_ID) VALUES (99773,'SAN ONOFRE',33);



/*INFORMACIÓN DEL USUARIO*/
INSERT INTO INFOUSUARIO
(id,direccion, cumpleaños, celular, nombre_completo, fecha_creacion, numero_documento, email, genero, es_represent_legal, fecha_actualizacion, latitud, longitud, telefono, recordatorio_cumpleaños, rol, token, plan_activado_id, creador_id, tipo_documento_id, usuario_id)
VALUES(1,null, null, '8878555', 'SUPER ADMIN', null, null, 'admin@admin.com', null, null, null, null, null, null, null, 'ROLE_SUPER', null, null, 1, 1, 1);

/*PERFILES*/

INSERT INTO PERFIL
(id,fecha_creacion, descripcion, fecha_actualizacion, nombre, creador_id, fecha_actualizacion_id)
VALUES(1, null, 'PERFIL DE CONFIGURACIÓN INICIAL SUPER USER', NULL, 'PERFIL SUPER', 1, NULL),
(2, null, 'PERFIL DE CONFIGURACIÓN INICIAL ADMIN USER', NULL, 'PERFIL ADMIN', 1, NULL),
(3, null, 'PERFIL DE CONFIGURACIÓN INICIAL PROPIETARIO', NULL, 'PERFIL PROPIETARIO', 1, NULL),
(4, null, 'PERFIL DE CONFIGURACIÓN INICIAL PORTERIA', NULL, 'PERFIL PORTERIA', 1, NULL);

/*USUARIOS POR PERFIL*/

INSERT INTO usuarios_por_perfil
(id,perfil_id, usuario_id)
VALUES(1,1, 1);

/*PLANES*/

INSERT INTO plan
(id,fecha_creacion, descripcion, fecha_actualizacion, nombre, valor, creador_id, fecha_actualizacion_id)
VALUES(1,NULL, 'PLAN PRE-CONFIGURADO PARA SUPER', NULL, 'PLAN PRE-CONFIGURADO SUPER', NULL, 1, NULL),
(2,NULL, 'PLAN PRE-CONFIGURADO PARA ADMIN', NULL, 'PLAN PRE-CONFIGURADO ADMIN', NULL, 1, NULL);

/*MODULOS*/

INSERT INTO MODULO
(id,insignia, clase_insignia, clase, fecha_creacion, descripcion, icono, fecha_actualizacion, nombre, ruta, titulo, creador_id, fecha_actualizacion_id)
VALUES(1,NULL, NULL, NULL, NULL, 'MODULO PRE-CONFIGURADO PARA SUPER', NULL, NULL, 'SUPER', '', 'SUPER', 1, NULL),
(2,NULL, NULL, NULL, NULL, 'MODULO PRE-CONFIGURADO PARA ADMINISTRACION', NULL, NULL, 'ADMIN', '', 'ADMIN', 1, NULL),
(3,NULL, NULL, NULL, NULL, 'MODULO PRE-CONFIGURADO PARA EMPLEADO PORTERIA', NULL, NULL, 'PORTERIA', '', 'PORTERIA', 1, NULL);


/*MENÚS*/

INSERT INTO menu (id,insignia, clase_insignia, clase, fecha_creacion, icono, fecha_actualizacion, nombre, ruta, titulo, creador_id, fecha_actualizacion_id)
VALUES(1,' ', ' ', ' ', '2019-12-12', 'fa fa-home', '2019-12-12','Unid. Residencial', '/unidades-residenciales/listar-unidades-residenciales','Ver unidades residenciales', 1, 1),
(2,' ',' ',' ','2019-12-12','fa fa-user','2019-12-12','Gestión de usuarios','/usuarios/listar-usuarios','Gestión de usuarios',1,1)
,(3,' ',' ',' ','2019-12-12','fa fa-road','2019-12-12','Gestión de módulos','/modulos/listar-modulos','Gestión de módulos',1,1)
,(4,' ',' ',' ','2019-12-12','fa fa-book','2019-12-12','Gestión de planes','/planes/listar-planes','Gestión de planes',1,1)
,(5,' ',' ',' ','2019-12-12','fa fa-repeat','2019-12-12','Gestión de menús','/menus/listar-menus','Gestión de menús',1,1)
,(6,' ',' ',' ','2019-12-12','fa fa-user','2019-12-12','Gestión de perfiles','/perfiles/listar-perfiles','Gestión de perfiles',1,1)
,(9,' ',' ',' ','2019-12-12','fa fa-user','2019-12-12','Mi Info','/usuarios/admin-info','Mi Info',1,1)
,(10,' ',' ',' ','2019-12-12','fa fa-book','2019-12-12','Asignar Colaborador','/usuarios/to-pair-perfil-housingunit','Asignar Colaborador',1,1)
,(11,' ',' ',' ','2019-12-12','fa fa-home','2019-12-12','Unidades Asignadas','/unidades-residenciales/unidad-residencial-asignadas','Unidades Asignadas',1,1)
,(12,' ',' ',' ','2019-12-12','fa fa-home','2019-12-12','Torres/Bloques','/torres/listar-torres','Torres/Bloques',1,1)
,(13,' ',' ',' ','2019-12-12','fa fa-book','2019-12-12','Gestión de Tareas','/tarea/listar-tareas','Tareas',1,1)
,(14,' ',' ',' ','2019-12-12','fa fa-repeat','2019-12-12','Gestión de incidentes','/incidentes/listar-incidentes-unidad','Gestión de incidentes',1,1)
,(15,' ',' ',' ','2019-12-12','fa fa-user','2019-12-12','Gestión de Empleados','/empleado/listar-empleados','Gestión de Empleados',1,1)
,(16,' ',' ',' ','2019-12-12','fa fa-book','2019-12-12','Gestión de Proveedores','/proveedor/listar-proveedor','Gestión de Proovedores',1,1)
,(17,' ',' ',' ','2019-12-12','ft-folder','2019-12-12','Gestión Porteria','/porteria/listado-porteria','Gestión Porteria',1,1)
,(18,' ',' ',' ','2019-12-12','fa fa-repeat','2019-12-12','Gestión de área social','/area-social/listar-area-social','Gestión de área social',1,1)
,(19,' ',' ',' ','2019-12-12','fa fa-user','2019-12-12','Gestión de propietarios','/usuarios/listar-usuarios','Gestión de propietarios',1,1)
,(20,' ',' ',' ','2019-12-12','fa fa-book','2019-12-12','Noticias','/noticia/crear-noticia','Crear Noticia',1,1)
,(21,' ',' ',' ','2019-12-12','fa fa-repeat','2019-12-12','Gestión de Incidentes','/incidentes/listar-incidentes-propietario','Gestión de incidentes',1,1)
;

/*MENUS POR MÓDULO*/

INSERT INTO menus_por_modulo
(fecha_creacion, indice, menu_id, modulo_id)
VALUES
(null, 1, 2, 1),
(null, 1, 3, 1),
(null, 1, 4, 1),
(null, 1, 5, 1),
(null, 1, 6, 1),
(null, 1, 19, 2),
(null, 1, 1, 2),
(null, 1, 6, 2),
(null, 1, 3, 2),
(null, 1, 9, 2),
(null, 1, 10, 2),
(null, 1, 11, 2),
(null, 1, 12, 2),
(null, 1, 13, 2),
(null, 1, 14, 2),
(null, 1, 15, 2),
(null, 1, 16, 2),
(null, 1, 17, 3),
(null, 1, 18, 2),
(null, 1, 20, 2),
(null, 1, 21, 2)
;

/*MÓDULOS POR PLAN*/

INSERT INTO modulos_por_plan
(fecha_creacion, modulo_id, plan_id)
VALUES(null, 1, 1),
(null, 2, 2),
(null, 3, 2);

/*MÓDULOS POR PERFIL*/

INSERT INTO modulos_por_perfil
(fecha_creacion, indice, modulo_id, perfil_id)
VALUES(null, 1, 1, 1),
(null, 1, 2, 2),
(null, 1, 3, 2);